step,cos(th1),sin(th1),cos(th2),sin(th2),dth1,dth2,action,u_cont
1,0.99962485,0.027388912,0.9989402,-0.046026394,-0.091805294,-0.09669447,1,-0.007832519710063934
2,0.9999849,0.0054895626,0.9983176,-0.05798252,-0.12309824,-0.02443151,1,-0.31031039357185364
3,0.9998024,-0.019876877,0.9983746,-0.05699338,-0.12538177,0.030208739,1,-0.44967788457870483
4,0.99909645,-0.042499773,0.9988508,-0.04792775,-0.09611113,0.055529714,1,-0.35140112042427063
5,0.9983993,-0.05655782,0.9993223,-0.036809057,-0.041501004,0.051740907,1,-0.02608633041381836
6,0.9983018,-0.058254093,0.99959356,-0.028508423,0.025040071,0.029720008,1,0.4275238513946533
7,0.9989004,-0.046881903,0.9996865,-0.02503852,0.0865737,0.0062450226,2,0.8516236543655396
8,0.9992656,-0.038316984,0.999957,0.009272066,-0.0013582784,0.3319637,0,-1.105881690979004
9,0.99979854,-0.020071793,0.99940294,0.034551065,0.18068905,-0.08013395,2,1.244842290878296
10,0.9999908,0.0042835795,0.99879456,0.049086604,0.058608394,0.22646423,0,-0.7593929767608643
11,0.9995663,0.029448511,0.99852926,0.054215405,0.18789025,-0.17165366,2,1.3257838487625122
12,0.998779,0.049402002,0.9985584,0.053676046,0.007998384,0.16898203,0,-1.0500459671020508
13,0.9982357,0.059375405,0.99869335,0.051104095,0.08961387,-0.1924049,2,0.7081024050712585
14,0.9983863,0.056786895,0.9987976,0.049024507,-0.11480267,0.17103736,0,-1.8418209552764893
15,0.99910617,0.042271227,0.9988847,0.04721677,-0.027794939,-0.19072746,1,0.01269674301147461
16,0.9994734,0.03244968,0.9999571,0.0092629045,-0.06963398,-0.18401875,1,0.019645914435386658
17,0.999886,0.015099651,0.9996959,-0.024660358,-0.101422794,-0.1521096,1,-0.002385977655649185
18,0.99997663,-0.00683458,0.9987141,-0.050697405,-0.114261575,-0.10738673,1,0.010601907968521118
19,0.99957985,-0.028985437,0.99771863,-0.06750927,-0.10330084,-0.061587647,1,0.10785737633705139
20,0.9989146,-0.046579786,0.99712735,-0.07574312,-0.06946211,-0.022280829,1,0.3014923334121704
21,0.99845064,-0.05564445,0.9970324,-0.07698315,-0.019534772,0.008677898,2,0.55522620677948
22,0.9977354,-0.067261174,0.9992606,-0.038448516,-0.09321397,0.36869624,0,-1.4047927856445312
23,0.9979529,-0.063953124,0.9999903,-0.00440188,0.12646522,-0.03296857,2,1.1395515203475952
24,0.99897087,-0.045356367,0.99982136,0.018900547,0.056885157,0.26453874,0,-0.5464135408401489
25,0.9998874,-0.01500463,0.99955297,0.029898534,0.24067965,-0.15123342,2,1.8827018737792969
26,0.99979883,0.020057034,0.9994861,0.032054726,0.10313693,0.17742993,1,-0.22232136130332947
27,0.9992695,0.03821602,0.9978568,0.06543597,0.07589727,0.15384315,0,-0.6107813715934753
28,0.9980296,0.062744744,0.99830824,0.05814368,0.16432062,-0.22149341,2,1.2272987365722656
29,0.99724835,0.074132785,0.99872327,0.05051607,-0.05242836,0.14768048,0,-1.4161655902862549
30,0.9975849,0.06945832,0.99893886,0.04605563,0.0062516383,-0.19200726,1,0.17330804467201233
31,0.99802333,0.06284428,0.9999428,0.010699605,-0.072203815,-0.15678261,1,-0.18332239985466003
32,0.99914277,0.041396964,0.99988234,-0.015339338,-0.1389521,-0.10254074,0,-0.5522420406341553
33,0.99974513,0.022575086,0.9978954,-0.064843655,-0.047336787,-0.3868536,2,1.4215465784072876
34,0.9999912,-0.0042042,0.99531865,-0.096647896,-0.21565223,0.068466686,0,-0.9086915254592896
35,0.99943876,-0.03349839,0.99400204,-0.10936172,-0.072038956,-0.19825408,2,1.0972301959991455
36,0.99827594,-0.05869544,0.9943936,-0.10574221,-0.17473957,0.22969134,0,-0.986272931098938
37,0.9972995,-0.073442295,0.9958182,-0.09135691,0.03012811,-0.08948987,2,1.3702623844146729
38,0.9972756,-0.073765814,0.9974289,-0.07166302,-0.032616843,0.2834373,1,-0.46011945605278015
39,0.99740195,-0.07203726,0.9998618,-0.01662556,0.051215395,0.2584794,1,-0.23268546164035797
40,0.9985687,-0.053483605,0.999589,0.02866623,0.13226284,0.18965253,1,0.1483166515827179
41,0.99978226,-0.020867428,0.99830633,0.058176167,0.18837735,0.10576039,1,0.4898645281791687
42,0.99981934,0.019007714,0.99741954,0.07179353,0.20269087,0.03457708,2,0.6155655384063721
43,0.99904495,0.043694016,0.9941334,0.108160794,0.040724937,0.32764986,0,-1.7625354528427124
44,0.9980884,0.061802424,0.99148667,0.13020828,0.13727131,-0.10593168,1,0.13387560844421387
45,0.99656665,0.0827943,0.99466497,0.10315832,0.06818248,-0.15859455,1,0.008396744728088379
46,0.99616617,0.087481245,0.99753666,0.07014695,-0.02299222,-0.16655038,1,-0.3297812342643738
47,0.99728936,0.073579095,0.9992495,0.038735334,-0.114523366,-0.1449659,0,-0.7301976084709167
48,0.9984012,0.056524344,0.9997693,-0.021479616,-0.05497,-0.44921485,2,1.1775939464569092
49,0.9996902,0.024890414,0.9977704,-0.06673965,-0.25630355,-0.0014990455,0,-1.2182999849319458
50,0.9998832,-0.015283569,0.9956111,-0.09358752,-0.13841613,-0.26898098,2,0.7419310808181763
51,0.99847174,-0.055265013,0.9945959,-0.10382214,-0.2535466,0.16114944,0,-1.2688236236572266
52,0.99633324,-0.085557684,0.99468637,-0.10295148,-0.04424493,-0.15685922,2,1.2333874702453613
53,0.9950979,-0.09889498,0.9953162,-0.09667272,-0.08666735,0.2165139,1,-0.3303230404853821
54,0.9944755,-0.10496886,0.99850035,-0.054745298,0.027989004,0.19607815,1,0.1966838836669922
55,0.9961469,-0.08770009,0.9997842,-0.020774405,0.14292419,0.14092979,2,0.834222137928009
56,0.99800175,-0.06318612,0.999363,0.03568768,0.09989022,0.41746873,0,-0.8621398210525513
57,0.9997599,-0.02191286,0.9973317,0.07300383,0.30567592,-0.043233953,2,1.6174688339233398
58,0.9996238,0.02742727,0.995836,0.09116291,0.17859173,0.22951096,1,-0.36583393812179565
59,0.9981786,0.060328405,0.9915914,0.12940846,0.14519882,0.15397069,0,-0.694031298160553
60,0.9953327,0.09650296,0.9929868,0.11822513,0.20978048,-0.2587263,2,1.1113498210906982
61,0.9935373,0.113506235,0.9949152,0.10071623,-0.04249396,0.08778365,0,-1.6252028942108154
62,0.9942819,0.10678756,0.99651533,0.08341,-0.024283715,-0.25955626,1,-0.16968244314193726
63,0.9958995,0.090466194,0.9994052,0.034485906,-0.13780044,-0.22492923,0,-0.6212061643600464
64,0.9977695,0.06675396,0.999227,-0.03931207,-0.09778062,-0.5037367,2,1.186414122581482
65,0.999681,0.025255702,0.99571604,-0.092464074,-0.3105235,-0.026833855,0,-1.2761629819869995
66,0.99966425,-0.025911072,0.99257064,-0.121669956,-0.19201042,-0.26934975,2,0.6358081102371216
67,0.997157,-0.07535222,0.9914626,-0.13039131,-0.2929243,0.1746204,0,-1.30619215965271
68,0.99380296,-0.111155815,0.9919926,-0.12629622,-0.059577283,-0.13929099,2,1.317992091178894
69,0.9922001,-0.12465541,0.99315184,-0.11683061,-0.07324673,0.23069249,1,-0.07172036170959473
70,0.99210626,-0.12539981,0.9973682,-0.0725026,0.06705992,0.20722738,2,0.5988525748252869
71,0.99373543,-0.111757934,0.9999981,-0.0019433108,0.0697829,0.48890248,0,-0.8975508213043213
72,0.9974687,-0.07110684,0.9988261,0.0484396,0.3314577,0.01325338,2,1.888502597808838
73,0.9999364,-0.011280209,0.9971317,0.07568585,0.2563782,0.26378843,1,0.22277556359767914
74,0.99915653,0.041063786,0.9928949,0.11899448,0.25785834,0.17209537,1,0.08597618341445923
75,0.9961301,0.087890945,0.98942804,0.14502454,0.20263638,0.09354285,1,-0.31351983547210693
76,0.9929329,0.11867722,0.9875257,0.15745772,0.10097885,0.03510378,0,-0.9468926191329956
77,0.99022007,0.1395143,0.9920306,0.12599725,0.10399536,-0.34427938,2,0.552376925945282
78,0.9913524,0.13122652,0.9955165,0.09458834,-0.18659149,0.03172066,0,-2.363781690597534
79,0.9954986,0.09477641,0.99770325,0.06773677,-0.17365026,-0.3021864,0,-0.838059663772583
80,0.9979341,0.064245604,0.9997061,-0.024242781,-0.12959298,-0.60652554,2,1.2299753427505493
81,0.99985445,0.017059596,0.9950754,-0.09912086,-0.33516306,-0.13868248,0,-0.97126305103302
82,0.999271,-0.038176876,0.9887204,-0.14977296,-0.2080527,-0.37109077,2,1.122162938117981
83,0.99595714,-0.08982945,0.98435557,-0.1761934,-0.29930618,0.09880843,0,-0.706520140171051
84,0.9920298,-0.12600352,0.9830722,-0.18321842,-0.057687223,-0.17451225,2,1.9254122972488403
85,0.9903928,-0.13828261,0.9843128,-0.17643231,-0.06338752,0.24014255,1,0.4452338218688965
86,0.99063283,-0.1365526,0.99204785,-0.1258612,0.081750974,0.2636175,2,0.9259588718414307
87,0.9928088,-0.11971054,0.9991935,-0.040153723,0.08718827,0.58480513,0,-0.816116452217102
88,0.9971521,-0.07541651,0.99948466,0.032100797,0.35099006,0.13265876,2,1.7245593070983887
89,0.9999344,-0.011458789,0.99648803,0.08373538,0.27832004,0.38486397,1,-0.11233222484588623
90,0.9989641,0.04550631,0.9887906,0.14930925,0.28194126,0.27304462,1,-0.344765841960907
91,0.99527097,0.09713727,0.98144174,0.1917605,0.22633846,0.15905416,0,-0.7655289173126221
92,0.9894017,0.14520426,0.98376787,0.17944588,0.24749772,-0.27415287,2,0.8092742562294006
93,0.98638123,0.16447493,0.9874859,0.15770727,-0.05669277,0.059954047,0,-2.1958389282226562
94,0.9887024,0.14989156,0.9909443,0.1342734,-0.088530675,-0.29538116,0,-0.9606256484985352
95,0.99147314,0.13031135,0.99908245,0.04282876,-0.10792434,-0.61065686,2,0.7226897478103638
96,0.9967271,0.08083997,0.999427,-0.033847116,-0.38182098,-0.15104102,0,-1.8419265747070312
97,0.9999474,0.010252429,0.99607706,-0.08848985,-0.3127491,-0.39715034,1,-0.016632109880447388
98,0.9985783,-0.05330394,0.9877359,-0.15613353,-0.3122521,-0.28274512,1,0.2653456926345825
99,0.99394137,-0.10991181,0.9796891,-0.20052227,-0.24540088,-0.17020757,2,0.7868713140487671
100,0.9870953,-0.16013394,0.98162913,-0.19079892,-0.2506567,0.25911197,0,-0.6488837003707886
101,0.9839616,-0.1783806,0.98505217,-0.17225613,0.06945534,-0.07618787,2,2.486976146697998
102,0.987119,-0.15998772,0.9884089,-0.151815,0.113798454,0.28309894,2,1.3267112970352173
103,0.99087834,-0.13475955,0.99808264,-0.06189576,0.13866584,0.6105993,1,-0.3760007619857788
104,0.99571323,-0.09249386,0.9987087,0.050802756,0.282013,0.50371796,1,-0.037674933671951294
105,0.99967474,-0.025504252,0.99080646,0.13528688,0.3783678,0.3404483,1,0.30010202527046204
106,0.9985757,0.053353682,0.9825806,0.18583687,0.39584246,0.17554621,1,0.37255215644836426
107,0.9919958,0.12627093,0.9782884,0.20724824,0.3219608,0.05131822,1,-0.007455229759216309
108,0.9844052,0.17591593,0.97777396,0.20966187,0.17012243,-0.018638996,0,-0.8784459829330444
109,0.97908247,0.20346372,0.9856015,0.16908495,0.10383854,-0.3836436,1,0.18384218215942383
110,0.9795278,0.20130897,0.9951882,0.0979818,-0.12715681,-0.32298926,0,-0.9878014326095581
111,0.9858274,0.16776268,0.99995786,0.009181997,-0.2100718,-0.55675673,1,0.028571784496307373
112,0.9942518,0.10706718,0.99639034,-0.0848899,-0.39361864,-0.37775993,0,-0.8445851802825928
113,0.9995621,0.029592149,0.98466337,-0.17446502,-0.3710218,-0.520984,2,0.6287089586257935
114,0.99803835,-0.06260569,0.9753199,-0.22079642,-0.5330418,0.04059662,0,-1.5790417194366455
115,0.9890205,-0.1477783,0.97258186,-0.23256084,-0.3068059,-0.17331369,2,0.7733231782913208
116,0.9787126,-0.2052356,0.97450906,-0.22434807,-0.26458508,0.24613903,1,-0.30289387702941895
117,0.9722487,-0.23394985,0.98438275,-0.17604144,-0.022811238,0.23461877,2,1.000697374343872
118,0.9740816,-0.2261971,0.99484533,-0.10140403,0.10259677,0.50886035,1,0.2848055362701416
119,0.98342526,-0.18131387,0.99991447,-0.013079184,0.34937426,0.36844242,2,1.521843671798706
120,0.99435955,-0.10606147,0.9968741,0.07900669,0.39947814,0.54784054,1,0.3397548794746399
121,0.9998998,-0.014156509,0.98581296,0.16784771,0.5059171,0.34590065,2,0.725379467010498
122,0.99714303,0.07553632,0.96819866,0.25018272,0.376643,0.49538386,0,-1.3755253553390503
123,0.9876511,0.15666951,0.9559964,0.29337835,0.4235845,-0.03831099,1,0.13773083686828613
124,0.974876,0.22274843,0.9616234,0.27437282,0.23524098,-0.14498237,0,-0.6799752712249756
125,0.9663206,0.25734124,0.97780544,0.20951499,0.11278919,-0.50808936,1,0.20722150802612305
126,0.9679565,0.2511181,0.99323213,0.11614606,-0.17806298,-0.42513445,0,-1.2348212003707886
127,0.97923636,0.2027218,0.9999487,0.010128733,-0.3123295,-0.62740934,1,-0.45572614669799805
128,0.9929463,0.118564844,0.99548143,-0.09495662,-0.5272835,-0.418828,0,-1.3930808305740356
129,0.99990696,0.013640845,0.98169243,-0.19047308,-0.5075568,-0.5442536,1,0.10046809911727905
130,0.9959086,-0.09036626,0.96178573,-0.2738032,-0.51466304,-0.31541786,1,0.21003448963165283
131,0.98310053,-0.18306644,0.9489514,-0.31542233,-0.4027229,-0.13022164,2,0.8205387592315674
132,0.96697116,-0.25488585,0.9552238,-0.2958843,-0.31758144,0.31893674,1,-0.1626453399658203
133,0.957586,-0.28814775,0.97242075,-0.23323342,-0.020004738,0.31565988,2,1.3485298156738281
134,0.96159863,-0.2744595,0.9896352,-0.143604,0.16144697,0.58662397,2,0.8433191776275635
135,0.97387564,-0.22708203,0.99998176,-0.0060349163,0.32275543,0.77833307,1,0.03873157501220703
136,0.99043566,-0.1379754,0.9921315,0.12520042,0.5708431,0.5267466,2,1.090859055519104
137,0.99977195,-0.02135655,0.97192883,0.23527503,0.58095545,0.5892085,1,-0.17347931861877441
138,0.9950937,0.09893689,0.9472638,0.32045498,0.60080385,0.30344278,1,-0.10812687873840332
139,0.9782053,0.20763996,0.93458045,0.35575184,0.4770609,0.086595334,0,-0.657707929611206
140,0.9569371,0.29029536,0.94475603,0.3277743,0.35812858,-0.3640747,1,0.19023370742797852
141,0.9450832,0.3268298,0.966097,0.25817937,0.017248748,-0.34731072,0,-1.5773396492004395
142,0.9511762,0.30864838,0.98638177,0.16447188,-0.20663747,-0.602044,0,-1.3307111263275146
143,0.9683095,0.24975315,0.99968934,0.024925185,-0.39910662,-0.7872035,0,-0.6435866355895996
144,0.9875556,0.15727,0.98980284,-0.14244397,-0.5348153,-0.8728595,1,0.32706379890441895
145,0.9995262,0.030779082,0.9602899,-0.2790042,-0.71593106,-0.51909333,1,-0.4219745397567749
146,0.9930703,-0.11752171,0.9385482,-0.34514824,-0.7401894,-0.1913792,0,-0.696021318435669
147,0.97132784,-0.23774405,0.9205772,-0.39056054,-0.45806423,-0.3124929,2,1.9411768913269043
148,0.94958407,-0.3135125,0.91504383,-0.40335438,-0.31305042,0.15808322,2,1.5526673793792725
149,0.93599695,-0.35200804,0.94118595,-0.33788902,-0.08670126,0.5315077,2,1.2280364036560059
150,0.9387242,-0.3446692,0.9782866,-0.20725651,0.1648714,0.812063,2,0.7693250179290771
151,0.9568213,-0.2906768,0.9996337,-0.027062051,0.39935088,0.9841194,1,0.09683167934417725
152,0.9835158,-0.1808223,0.99010175,0.14035146,0.71688837,0.6791746,2,1.2813634872436523
153,0.99954534,-0.03015164,0.9621507,0.27251804,0.77576655,0.66825604,1,0.2425999641418457
154,0.99147403,0.13030423,0.9307743,0.36559436,0.8012284,0.3256737,1,0.31610560417175293
155,0.96190935,0.27336854,0.91538304,0.40258402,0.6300139,0.098259315,1,-0.4947476387023926
156,0.9317319,0.3631469,0.91173226,0.41078493,0.29744482,0.010477146,0,-2.479923725128174
157,0.9197144,0.39258814,0.92469543,0.38070768,0.01410818,-0.32834202,0,-2.9608898162841797
158,0.9297404,0.36821565,0.95686555,0.29053104,-0.272235,-0.62476194,0,-2.8485236167907715
159,0.9557937,0.29403818,0.98982936,0.1422599,-0.50175756,-0.8871241,0,-1.8093249797821045
160,0.98350465,0.18088295,0.99852127,-0.054361917,-0.65010756,-1.063752,1,-0.26055824756622314
161,0.9995158,0.031115405,0.97165644,-0.23639753,-0.83611715,-0.76427984,1,-0.4438706636428833
162,0.99002844,-0.1408676,0.93635815,-0.35104617,-0.8561971,-0.44418398,1,-0.24229121208190918
163,0.9561072,-0.2930171,0.9116814,-0.41089776,-0.67175716,-0.22507724,2,0.8566100597381592
164,0.91673064,-0.39950585,0.91104937,-0.41229734,-0.4394218,0.18511492,2,1.0710482597351074
165,0.89360404,-0.44885615,0.93634385,-0.3510843,-0.094699256,0.45974478,2,1.8713438510894775
166,0.90164804,-0.43247056,0.9698015,-0.2438956,0.27405173,0.6552126,2,2.562077283859253
167,0.93612075,-0.3516788,0.9950608,-0.09926752,0.5912499,0.8070714,2,2.384612560272217
168,0.9764463,-0.2157606,0.997373,0.07243719,0.8083665,0.8994846,2,1.476518988609314
169,0.99899757,-0.0447651,0.9678194,0.25164592,0.8945032,0.90536296,1,0.14771896600723267
170,0.9899182,0.14164048,0.9221171,0.38691086,0.93992144,0.53014284,1,0.012191057205200195
171,0.9505683,0.3105155,0.8897135,0.45651928,0.75943345,0.26321524,0,-1.0431737899780273
172,0.9026705,0.4303324,0.8864889,0.46274984,0.5031171,-0.16382557,0,-1.3839082717895508
173,0.873646,0.48656204,0.91337967,0.4071088,0.117272556,-0.43525088,0,-2.4746830463409424
174,0.8823233,0.47064373,0.9517182,0.30697313,-0.29443097,-0.63185406,0,-3.4327173233032227
175,0.92311436,0.38452545,0.98600405,0.16672134,-0.6427504,-0.8111395,0,-3.1984541416168213
176,0.9711328,0.23853934,0.9999461,-0.010382664,-0.87382025,-0.957375,0,-1.9976046085357666
177,0.99851125,0.054546285,0.9781776,-0.20777056,-0.96447676,-1.0142711,1,-0.38114529848098755
178,0.98924863,-0.14624344,0.9299822,-0.36760455,-1.0138805,-0.6587302,1,-0.016571044921875
179,0.94442594,-0.32872432,0.8874088,-0.46098337,-0.8288711,-0.3921169,2,1.2639391422271729
180,0.88879824,-0.45829868,0.8717066,-0.49002817,-0.5506265,0.031054372,2,1.9711647033691406
181,0.8549557,-0.51870114,0.88793325,-0.45997232,-0.12784047,0.29172173,2,3.5865325927734375
182,0.86514795,-0.5015167,0.9212648,-0.38893583,0.3222365,0.4927595,2,4.982321739196777
183,0.9123001,-0.40952232,0.9614671,-0.27492002,0.69157547,0.72512853,2,4.649811267852783
184,0.9667052,-0.25589263,0.99428177,-0.106788434,0.9137676,0.98815566,2,2.846472978591919
185,0.9977608,-0.06688404,0.9937174,0.11191874,0.98063993,1.1820168,2,0.5249862670898438
186,0.99229985,0.1238588,0.93755674,0.34783235,0.90726084,1.2247891,0,-2.0232229232788086
187,0.9522902,0.3051941,0.86264396,0.5058117,0.91273016,0.5414646,0,-1.748924970626831
188,0.8906592,0.45467147,0.833855,0.5519836,0.6678336,0.039203938,0,-2.2598066329956055
189,0.8446852,0.5352634,0.8471887,0.5312921,0.2406494,-0.2600247,0,-3.8233742713928223
190,0.8448496,0.53500396,0.8838226,0.46782213,-0.2416395,-0.4701456,0,-5.538684368133545
191,0.8902706,0.4554319,0.93249154,0.36119187,-0.654919,-0.71432346,0,-5.448124885559082
192,0.95142186,0.3078904,0.98078287,0.19510233,-0.91588044,-1.0218062,0,-3.491575241088867
193,0.9930821,0.11742186,0.9993395,-0.03633818,-1.0126698,-1.2836735,0,-0.8843061327934265
194,0.9965278,-0.083261006,0.9540697,-0.29958484,-0.97704375,-1.3616123,2,1.7091158628463745
195,0.9587427,-0.28427538,0.8753208,-0.48354268,-1.0311083,-0.65267444,2,1.3365726470947266
196,0.888428,-0.459016,0.8375708,-0.5463288,-0.8112181,-0.12032814,2,1.7875561714172363
197,0.8267227,-0.5626096,0.8421545,-0.5392363,-0.3690768,0.17240512,2,3.5192251205444336
198,0.814828,-0.5797028,0.8689563,-0.49488878,0.16352515,0.33888078,2,6.017334938049316
199,0.8600337,-0.5102373,0.90820193,-0.41853222,0.64666307,0.53536844,2,6.843507766723633
200,0.9320583,-0.3623084,0.9567404,-0.29094303,0.9678657,0.8489539,2,5.1791534423828125
201,0.9868433,-0.16167977,0.99611145,-0.08810186,1.0840174,1.2143089,2,2.2059481143951416
202,0.9986536,0.051874917,0.98361194,0.18029848,1.0372236,1.4450281,0,-0.890520453453064
203,0.963926,0.26617035,0.9178865,0.39684305,1.1015235,0.8186514,0,-0.792072057723999
204,0.88957906,0.45678118,0.86931443,0.49425942,0.9028194,0.3050416,0,-1.4405241012573242
205,0.8173524,0.5761381,0.8544457,0.5195407,0.46269968,0.022467528,0,-3.463376998901367
206,0.79528004,0.60624224,0.8597533,0.5107096,-0.096608944,-0.11562548,0,-6.696897983551025
207,0.8380081,0.5456578,0.8783599,0.47799987,-0.6281803,-0.2787897,0,-8.524819374084473
208,0.91664696,0.3996979,0.9158894,0.40143067,-0.9955529,-0.6059275,0,-7.275082588195801
209,0.9808884,0.1945712,0.9703049,0.24188504,-1.1177034,-1.0954181,0,-3.811903476715088
210,0.99976736,-0.021569038,0.9997408,-0.022766693,-1.0316564,-1.5443531,1,0.23707450926303864
211,0.975209,-0.22128585,0.9490463,-0.31513658,-0.964458,-1.396233,2,2.392878532409668
212,0.91741705,-0.3979271,0.8574398,-0.51458424,-0.85966045,-0.81347334,2,3.314527988433838
213,0.8520789,-0.5234133,0.7916777,-0.61093897,-0.5215614,-0.3854777,2,5.321902751922607
214,0.82130224,-0.5704933,0.76086193,-0.6489138,-0.026538916,-0.11949816,2,8.497919082641602
215,0.8469976,-0.53159666,0.7611014,-0.6486329,0.4817594,0.13776739,2,10.667173385620117
216,0.911506,-0.41128677,0.8023793,-0.5968144,0.84988916,0.5622702,2,9.31028938293457
217,0.9718519,-0.23559275,0.8938919,-0.4482827,0.96675974,1.2122568,2,4.741054058074951
218,0.9986106,-0.052695993,0.9884683,-0.15142785,0.8620083,1.8856035,0,-0.8077876567840576
219,0.9914545,0.13045292,0.98097366,0.19414099,0.9653451,1.528394,0,-1.7270456552505493
220,0.947443,0.31992453,0.90299577,0.4296494,0.95110804,0.9513377,0,-2.2611727714538574
221,0.8797672,0.4754048,0.83510685,0.5500878,0.70780724,0.46105936,0,-3.571140766143799
222,0.82815707,0.5604961,0.8010887,0.5985457,0.2639479,0.15648471,0,-6.153542995452881
223,0.8277527,0.56109303,0.7954214,0.60605675,-0.2569117,-0.06277483,0,-9.066558837890625
224,0.8790061,0.47681054,0.81926954,0.5734086,-0.70595765,-0.3687249,0,-9.467402458190918
225,0.94696367,0.3213406,0.88257843,0.47016525,-0.95254636,-0.87604564,0,-6.528032302856445
226,0.99117786,0.13253862,0.96867114,0.24834692,-0.955634,-1.5065651,0,-1.7050615549087524
227,0.99893415,-0.04615828,0.9949647,-0.10022578,-0.82838804,-1.9457549,2,2.8247857093811035
228,0.9750416,-0.22202219,0.90874404,-0.41735387,-0.9302769,-1.3181704,2,3.0940401554107666
229,0.9192185,-0.3937479,0.8102037,-0.58614844,-0.8363719,-0.6618231,2,3.7169852256774902
230,0.85698503,-0.5153413,0.7584921,-0.65168226,-0.49595928,-0.20895652,2,5.400758743286133
231,0.82929707,-0.558808,0.7506623,-0.660686,-0.0073846774,0.07446774,2,8.043941497802734
232,0.8554143,-0.5179444,0.7774141,-0.6289891,0.47912562,0.35520014,2,9.423166275024414
233,0.9166027,-0.39979938,0.84250265,-0.53869224,0.81847227,0.790207,2,7.485019683837891
234,0.9729918,-0.23083958,0.9385426,-0.34516338,0.92837083,1.3863192,2,3.0612380504608154
235,0.9986717,-0.051525347,0.9998054,-0.019727325,0.87184566,1.8935219,0,-1.5411226749420166
236,0.99013376,0.14012529,0.95268536,0.30395827,1.034223,1.3444113,0,-1.6363484859466553
237,0.93940693,0.34280398,0.8722454,0.48906854,1.0171566,0.69007134,0,-1.7736589908599854
238,0.8634103,0.50450236,0.8264401,0.5630247,0.73007363,0.21922547,0,-2.900899887084961
239,0.80915517,0.587595,0.81732637,0.576175,0.24057429,-0.032337494,0,-5.443511009216309
240,0.8134062,0.58169603,0.8304965,0.5570239,-0.31056893,-0.20217568,0,-8.267510414123535
241,0.8728615,0.48796803,0.8644834,0.50266135,-0.7739124,-0.4661683,0,-8.49280834197998
242,0.9474831,0.31980574,0.92448795,0.38121125,-1.028447,-0.9173733,0,-5.726212501525879
243,0.99342865,0.114453256,0.9882552,0.15281247,-1.0473472,-1.4500403,0,-1.5270634889602661
244,0.9964429,-0.084270746,0.9847416,-0.17402261,-0.9317121,-1.7778265,2,2.4103033542633057
245,0.9611732,-0.27594584,0.892729,-0.45059407,-0.99213564,-1.128045,2,2.7003002166748047
246,0.893845,-0.44837606,0.80753416,-0.5898208,-0.817987,-0.53697187,2,3.6500492095947266
247,0.8307823,-0.55659753,0.76612145,-0.64269584,-0.40441203,-0.16887031,2,5.887079238891602
248,0.8146927,-0.57989293,0.7595226,-0.65048087,0.12778883,0.058672912,2,8.995867729187012
249,0.8568497,-0.51556635,0.78292406,-0.6221173,0.622114,0.33222976,2,10.117149353027344
250,0.92781305,-0.37304553,0.846508,-0.532376,0.9320601,0.8055219,2,7.622018814086914
251,0.98263085,-0.18557093,0.94397813,-0.33000803,0.9852532,1.4555333,2,2.712628126144409
252,0.99999994,0.00033149496,0.9999136,0.01314557,0.873614,1.9837465,0,-2.1647379398345947
253,0.9822456,0.18759929,0.9364654,0.35076,0.9960421,1.4190979,0,-2.5037431716918945
254,0.9262247,0.3769718,0.83943754,0.5434562,0.9405581,0.7579637,0,-3.0026564598083496
255,0.8542106,0.5199271,0.780438,0.6252332,0.6223347,0.28945538,0,-4.584542274475098
256,0.8121693,0.5834218,0.76190925,0.6476838,0.12117726,0.02382071,0,-7.502326488494873
257,0.82933754,0.5587479,0.7724921,0.63502437,-0.41392532,-0.19842073,0,-9.950551986694336
258,0.8935536,0.44895652,0.8165662,0.57725173,-0.82697177,-0.5629152,0,-9.109155654907227
259,0.96145755,0.27495342,0.9015666,0.43264025,-1.0005454,-1.1450756,0,-5.0866241455078125
260,0.99668837,0.08131602,0.9882641,0.15275505,-0.9448791,-1.7714467,1,0.031235456466674805
261,0.9941698,-0.10782585,0.9791787,-0.20299995,-0.9428739,-1.7417353,2,2.4951257705688477
262,0.954333,-0.29874486,0.88286567,-0.4696256,-0.98020583,-1.0888125,2,2.876558780670166
263,0.88540196,-0.46482614,0.7983076,-0.6022499,-0.777305,-0.51837534,2,4.011733055114746
264,0.8261997,-0.5633773,0.7571406,-0.65325195,-0.34430042,-0.1692583,2,6.476229190826416
265,0.81728184,-0.57623816,0.75011146,-0.66131145,0.19149059,0.057937913,2,9.600336074829102
266,0.8650399,-0.5017031,0.7750728,-0.63187194,0.67170614,0.35488194,2,10.343416213989258
267,0.9362094,-0.3514428,0.8443081,-0.5358581,0.9511246,0.86799943,2,7.389726638793945
268,0.98669535,-0.16258019,0.9478684,-0.31866196,0.96899396,1.5497985,2,2.154636859893799
269,0.99983275,0.018287698,0.999041,0.04378365,0.8402872,2.0678413,0,-2.7924258708953857
270,0.9800485,0.19875862,0.9203849,0.39101368,0.964393,1.4612423,0,-3.1128485202789307
271,0.9243062,0.38165164,0.8121309,0.5834753,0.9082025,0.7698829,0,-3.6614933013916016
272,0.85511553,0.51843745,0.7488112,0.6627834,0.5869341,0.28514856,0,-5.3097758293151855
273,0.8172497,0.57628375,0.73085344,0.6825344,0.08766973,0.0028568327,0,-8.204916000366211
274,0.837345,0.54667485,0.7465144,0.6653693,-0.43583068,-0.24704166,0,-10.332357406616211
275,0.9009375,0.43394887,0.8010775,0.5985607,-0.8257099,-0.65176463,0,-8.981294631958008
276,0.9650897,0.26191977,0.8996536,0.4366044,-0.9702166,-1.2730937,0,-4.491311073303223
277,0.9971267,0.075751565,0.9914506,0.13048273,-0.90042067,-1.9033186,2,0.7932599186897278
278,0.99292135,-0.11877384,0.97703916,-0.21305977,-1.0381306,-1.493704,2,1.437568187713623
279,0.945987,-0.32420453,0.89917505,-0.43758905,-1.0368613,-0.88621855,2,1.7922167778015137
280,0.86969256,-0.49359375,0.8375041,-0.54643106,-0.7812205,-0.3997192,2,3.0275745391845703
281,0.8093561,-0.58731824,0.8092889,-0.5874108,-0.30815172,-0.12688033,2,5.715749740600586
282,0.8059143,-0.59203225,0.80451196,-0.59393644,0.2510005,0.044910952,2,9.054208755493164
283,0.86185384,-0.5071567,0.8230125,-0.5680233,0.7420094,0.30189303,2,9.92764663696289
284,0.9390456,-0.34379265,0.8776526,-0.4792974,1.024762,0.7785743,2,7.290867805480957
285,0.99015063,-0.14000621,0.9609093,-0.27686334,1.0408901,1.4205854,2,2.4864282608032227
286,0.99853843,0.05404667,0.9982544,0.05906018,0.8929659,1.919844,0,-2.276028633117676
287,0.97098553,0.23913826,0.9245839,0.3809784,0.9634211,1.3568686,0,-2.8330721855163574
288,0.91043484,0.41365245,0.8260441,0.5636055,0.84601516,0.74103963,0,-3.7452616691589355
289,0.84561086,0.5337999,0.7642241,0.6449508,0.48568863,0.31565025,0,-5.82804012298584
290,0.8193288,0.5733239,0.74080896,0.67171574,-0.023155747,0.05412443,0,-9.00338363647461
291,0.8504359,0.5260787,0.7503925,0.6609925,-0.52854013,-0.21586512,0,-10.792715072631836
292,0.91718024,0.39847267,0.8036316,0.59512705,-0.8756911,-0.67023146,0,-8.887266159057617
293,0.9755467,0.21979228,0.9054497,0.42445353,-0.96377623,-1.3434751,0,-3.9492146968841553
294,0.9992559,0.03856992,0.99490917,0.10077599,-0.8494182,-1.9888262,2,1.5441944599151611
295,0.989658,-0.14344692,0.9666032,-0.25627756,-0.96843123,-1.5503031,2,2.2268776893615723
296,0.94271713,-0.33359313,0.8749052,-0.48429415,-0.95796126,-0.91314167,2,2.6650731563568115
297,0.87275094,-0.4881658,0.80570316,-0.5923195,-0.70009464,-0.40486518,2,3.9890055656433105
298,0.82185364,-0.5696987,0.77631474,-0.63034546,-0.23813227,-0.10231042,2,6.636012554168701
299,0.8250619,-0.5650423,0.77716374,-0.6292984,0.29299715,0.11796539,2,9.463827133178711
300,0.8801377,-0.47471848,0.80927426,-0.587431,0.7391017,0.43937585,2,9.513334274291992
301,0.9493728,-0.3141517,0.8823166,-0.47065637,0.96999633,0.97204703,2,6.182313919067383
302,0.99236745,-0.1233161,0.9734837,-0.22875638,0.957141,1.6121562,2,1.1661434173583984
303,0.9984469,0.055711947,0.9903846,0.13834174,0.83295834,2.0148888,0,-3.281808376312256
304,0.97240317,0.23330681,0.88829195,0.45927924,0.94423354,1.334001,0,-3.49232816696167
305,0.9136258,0.4065562,0.78191435,0.62338585,0.84366554,0.6523424,0,-4.172400951385498
306,0.8498008,0.52710396,0.7287103,0.68482214,0.48599437,0.19889982,0,-5.996072292327881
307,0.82364756,0.567102,0.72147655,0.69243884,-0.019343775,-0.07922382,0,-8.798112869262695
308,0.85352325,0.5210547,0.7503775,0.66100955,-0.51448596,-0.36553034,0,-10.101099014282227
309,0.9178571,0.39691097,0.8217077,0.5699091,-0.84830725,-0.82775116,0,-7.816726207733154
310,0.9746268,0.22383632,0.929438,0.36897832,-0.93713206,-1.4704404,0,-2.9293417930603027
311,0.9989895,0.044943247,0.99970704,0.024203956,-0.8594436,-2.0138266,2,1.994367003440857
312,0.9895827,-0.14396541,0.94667816,-0.32218075,-1.0229087,-1.4534998,2,2.167462110519409
313,0.9384714,-0.34535697,0.85329705,-0.5214251,-1.0166266,-0.76333654,2,2.347449541091919
314,0.86180305,-0.507243,0.79787505,-0.6028229,-0.7337257,-0.2629639,2,3.540761947631836
315,0.8069972,-0.5905553,0.7839048,-0.6208811,-0.24092437,0.006303966,2,6.175379753112793
316,0.8115625,-0.5842656,0.7958286,-0.605522,0.31578165,0.1908264,2,9.049324035644531
317,0.8719485,-0.48959765,0.8329891,-0.5532894,0.7803253,0.48033503,2,9.107789993286133
318,0.9470494,-0.32108796,0.9032289,-0.4291592,1.0251323,0.97861046,2,5.926355361938477
319,0.99298084,-0.118275136,0.9824599,-0.18647386,1.0258048,1.5708374,2,1.2447240352630615
320,0.9971583,0.07533498,0.9858227,0.16779055,0.9068381,1.9257851,0,-2.924788475036621
321,0.9643344,0.26468676,0.8831954,0.46900523,0.9924606,1.2438505,0,-3.198251724243164
322,0.8977411,0.44052348,0.78396565,0.62080425,0.845143,0.6040015,0,-4.1090192794799805
323,0.83185035,0.555,0.73393935,0.679215,0.442882,0.20291825,0,-6.324695587158203
324,0.8114484,0.584424,0.72330946,0.69052404,-0.093456715,-0.03670449,0,-9.545585632324219
325,0.851052,0.52508146,0.7454141,0.6666017,-0.6017312,-0.31195864,0,-10.868585586547852
326,0.92263275,0.38567972,0.8121948,0.5833863,-0.9263325,-0.796546,0,-8.327144622802734
327,0.97987515,0.19961137,0.9226595,0.38561556,-0.98150593,-1.4900432,0,-3.0383129119873047
328,0.99987423,0.015859183,0.99947095,0.032524846,-0.85856235,-2.0878084,2,2.2874298095703125
329,0.9856043,-0.16906844,0.9435935,-0.33110613,-0.9900381,-1.5516075,2,2.7453489303588867
330,0.9324768,-0.36122975,0.83761764,-0.54625696,-0.96669316,-0.8624333,2,3.2027487754821777
331,0.85876685,-0.51236653,0.76763284,-0.6408898,-0.67468315,-0.35533023,2,4.7134318351745605
332,0.8106113,-0.5855845,0.7414468,-0.6710116,-0.18038851,-0.0700191,2,7.638876914978027
333,0.82168555,-0.5699411,0.74626917,-0.6656443,0.3669992,0.14870569,2,10.427501678466797
334,0.884154,-0.46719548,0.78571635,-0.61858696,0.80555594,0.500657,2,9.947200775146484
335,0.95512754,-0.29619482,0.8721318,-0.48927101,1.0034282,1.091525,2,5.9306135177612305
336,0.9947675,-0.10216455,0.9753191,-0.22079998,0.9498934,1.7795475,1,0.4169694185256958
337,0.9962333,0.086713254,0.9893836,0.1453276,0.93695116,1.8366423,0,-2.418487548828125
338,0.960469,0.27838695,0.89906293,0.43781945,0.9904396,1.2113459,0,-2.867562770843506
339,0.8927313,0.45058936,0.8060917,0.5917906,0.8195429,0.6183548,0,-3.9507689476013184
340,0.82909656,0.55910546,0.75442994,0.6563806,0.40749303,0.24331054,0,-6.355969429016113
341,0.81275725,0.58260244,0.73800707,0.67479295,-0.12862357,0.011987496,0,-9.694391250610352
342,0.8555786,0.5176729,0.7533645,0.65760314,-0.6300309,-0.2669393,0,-10.99594497680664
343,0.9276511,0.37344807,0.8145123,0.5801463,-0.94270563,-0.76204795,0,-8.42662239074707
344,0.9827528,0.184924,0.9220497,0.38707146,-0.9820804,-1.4693141,0,-3.086087465286255
345,0.99999666,0.0025903054,0.99933016,0.036594808,-0.84081227,-2.0842197,2,2.355717420578003
346,0.98422724,-0.17690882,0.9445394,-0.328398,-0.95568496,-1.5666937,2,2.932943344116211
347,0.9324255,-0.36136234,0.83681726,-0.54748225,-0.9246543,-0.8888573,2,3.487122058868408
348,0.8628987,-0.5053769,0.76323545,-0.6461205,-0.63573533,-0.3803772,2,5.060299873352051
349,0.8192231,-0.57347494,0.7342942,-0.6788314,-0.15313828,-0.08067898,2,7.946525573730469
350,0.832139,-0.5545671,0.7392845,-0.67339325,0.37615454,0.16219553,2,10.49171257019043
351,0.892517,-0.4510138,0.7826434,-0.6224703,0.79223007,0.54171467,2,9.72160530090332
352,0.95898706,-0.2834498,0.87479025,-0.4845018,0.9688306,1.151891,2,5.499945640563965
353,0.99529076,-0.096934475,0.9790345,-0.20369467,0.9070267,1.8344111,1,-0.0393834114074707
354,0.9964413,0.08428985,0.9853989,0.17026149,0.90512824,1.8563979,0,-2.7455191612243652
355,0.96246105,0.27141985,0.8876233,0.46057016,0.9735072,1.1958059,0,-3.0690813064575195
356,0.8969986,0.44203347,0.7940891,0.6078014,0.8127209,0.5811821,0,-4.026250839233398
357,0.8346917,0.55071753,0.74712473,0.6646839,0.40911946,0.19157295,0,-6.2490363121032715
358,0.8178728,0.57539904,0.73838466,0.6743798,-0.117545955,-0.052151404,0,-9.329070091247559
359,0.85846156,0.5128779,0.76272607,0.6467217,-0.6088434,-0.3395218,0,-10.404352188110352
360,0.92788035,0.3728781,0.8308349,0.5565189,-0.9155033,-0.8296879,0,-7.766204357147217
361,0.98194647,0.18915905,0.93659717,0.35040793,-0.9632659,-1.5030771,0,-2.6301698684692383
362,0.9999673,0.008089823,0.99999493,-0.0031917542,-0.84961367,-2.0508735,2,2.40675950050354
363,0.98444885,-0.1756716,0.93534195,-0.3537449,-0.9854487,-1.4785938,2,2.720104217529297
364,0.93071944,-0.365734,0.8325835,-0.5538996,-0.9513694,-0.7902642,2,3.1342105865478516
365,0.8584439,-0.5129074,0.7701844,-0.6378213,-0.64911616,-0.29599655,2,4.604325294494629
366,0.813364,-0.58175504,0.7515053,-0.65972704,-0.15428859,-0.016244255,2,7.421934127807617
367,0.82684267,-0.5624333,0.7634825,-0.64582855,0.3833497,0.20749673,2,9.927938461303711
368,0.88915884,-0.4575987,0.8090789,-0.5877001,0.8060425,0.56526685,2,9.203119277954102
369,0.9579269,-0.28701228,0.895817,-0.44442314,0.99287397,1.1411743,2,5.231097221374512
370,0.99555385,-0.09419383,0.98607594,-0.16629574,0.94818366,1.7711959,1,0.09500634670257568
371,0.9953419,0.09640797,0.981686,0.19050619,0.95411706,1.7512264,0,-2.3738107681274414
372,0.9567591,0.29088148,0.8878164,0.46019775,1.0017302,1.098505,0,-2.704761028289795
373,0.88677293,0.46220535,0.80387414,0.5947994,0.8077081,0.52215016,0,-3.7688956260681152
374,0.8242433,0.5662358,0.7628565,0.6465679,0.37678665,0.17197561,0,-6.181341171264648
375,0.8117885,0.5839516,0.7550453,0.65567267,-0.16530456,-0.045823686,0,-9.409597396850586
376,0.8582462,0.5132382,0.77713954,0.6293283,-0.6599264,-0.323712,0,-10.425886154174805
377,0.93126917,0.36433193,0.8415523,0.54017556,-0.9590226,-0.81611407,0,-7.72068452835083
378,0.9849366,0.17291602,0.9424893,0.33423623,-0.9924305,-1.4923241,0,-2.5854029655456543
379,0.9999194,-0.012696223,0.9998401,-0.017881878,-0.86294615,-2.0357208,2,2.4407825469970703
380,0.98044354,-0.19680074,0.93116635,-0.3645946,-0.97816515,-1.4656063,2,2.8562169075012207
381,0.92414826,-0.38203394,0.82669324,-0.56265295,-0.9195633,-0.79393643,2,3.447925567626953
382,0.8536849,-0.5207899,0.7617311,-0.6478933,-0.5989128,-0.3171129,2,5.142059803009033
383,0.8143462,-0.5803794,0.73944485,-0.6732171,-0.09767224,-0.041695386,2,8.140057563781738
384,0.833815,-0.552044,0.7491117,-0.6624437,0.43258202,0.19769318,2,10.483430862426758
385,0.8982966,-0.43938956,0.7967804,-0.60426897,0.8330281,0.5911729,2,9.355133056640625
386,0.96413094,-0.2654272,0.8909251,-0.45415023,0.985695,1.2125245,2,4.948518753051758
387,0.9970645,-0.07656667,0.98718977,-0.15955038,0.910288,1.8714538,1,-0.47858840227127075
388,0.99443346,0.10536618,0.9763782,0.21606861,0.9091876,1.8369511,0,-3.008187770843506
389,0.95654124,0.29159716,0.86885834,0.49506077,0.9648489,1.1481935,0,-3.350437641143799
390,0.88943917,0.45705354,0.7753762,0.6314996,0.7788068,0.5416984,0,-4.438363552093506
391,0.83033967,0.55725765,0.7310219,0.68235403,0.35538417,0.16708057,0,-6.831464767456055
392,0.8199701,0.57240635,0.72520703,0.68853086,-0.17610045,-0.07684266,0,-9.877251625061035
393,0.86573035,0.5005107,0.7546105,0.65617305,-0.6541941,-0.38715407,0,-10.523359298706055
394,0.93538314,0.35363588,0.8312761,0.5558597,-0.931268,-0.91519773,0,-7.387799263000488
395,0.9856039,0.16907051,0.9437229,0.33073723,-0.94691455,-1.6131139,0,-1.9536242485046387
396,0.9999706,-0.0076626083,0.99901634,-0.044342846,-0.82425445,-2.133706,2,3.051319122314453
397,0.9823507,-0.18704824,0.91578794,-0.4016621,-0.96874243,-1.5025077,2,3.274674415588379
398,0.9276646,-0.37341458,0.8023358,-0.5968729,-0.9330203,-0.7793759,2,3.709479808807373
399,0.85653156,-0.5160947,0.7379996,-0.6748011,-0.6217784,-0.2738076,2,5.242223739624023
400,0.81476045,-0.57979774,0.7218308,-0.6920696,-0.12166931,0.013712814,2,8.077768325805664
401,0.83167356,-0.5552649,0.73954386,-0.6731084,0.41115817,0.25594294,2,10.328523635864258
402,0.89487827,-0.44631034,0.7950543,-0.60653824,0.81631345,0.6468658,2,9.131444931030273
403,0.9613389,-0.27536812,0.8943118,-0.44744432,0.97720057,1.2589062,2,4.711846351623535
404,0.9961968,-0.087131664,0.9894365,-0.14496695,0.91744083,1.8947617,0,-0.5922033786773682
405,0.9937955,0.11122268,0.9800942,0.19853316,1.0590521,1.4996717,0,-1.2723466157913208
406,0.9469516,0.32137614,0.90471375,0.42602006,1.0620807,0.8989977,0,-1.6258940696716309
407,0.86853015,0.49563628,0.84297067,0.53795946,0.80866325,0.41435465,0,-2.857250213623047
408,0.8048711,0.59344965,0.81321335,0.5819657,0.33211106,0.14698511,0,-5.5830769538879395
409,0.79905623,0.60125625,0.805433,0.59268683,-0.23700877,-0.0123608,0,-9.108827590942383
410,0.8552796,0.51816666,0.81925154,0.5734343,-0.7433365,-0.2530894,0,-10.245265007019043
411,0.9352443,0.35400295,0.86911833,0.4946042,-1.0420789,-0.72055084,0,-7.768617630004883
412,0.98921114,0.14649671,0.95273066,0.3038162,-1.0643644,-1.3773357,0,-2.9192795753479004
413,0.99868226,-0.051319633,0.99965054,-0.026435606,-0.90570897,-1.9213645,2,2.0465383529663086
414,0.9713304,-0.23773344,0.934843,-0.35506138,-0.96538275,-1.3990512,2,2.750248670578003
415,0.9108821,-0.41266662,0.83590984,-0.5488668,-0.8490862,-0.79651415,2,3.7407331466674805
416,0.84560853,-0.5338035,0.76847404,-0.63988096,-0.49329224,-0.3704525,2,5.900089263916016
417,0.8183548,-0.57471335,0.7379878,-0.67481405,0.014696783,-0.10789394,2,9.204715728759766
418,0.8488455,-0.52864105,0.74029285,-0.67228454,0.5246051,0.15972102,2,11.201406478881836
419,0.91595596,-0.40127882,0.78757185,-0.61622286,0.8791044,0.61420286,2,9.435922622680664
420,0.9751034,-0.22175077,0.88940585,-0.45711842,0.96897113,1.3051848,2,4.4155473709106445
421,0.9991728,-0.040666394,0.9901454,-0.1400431,0.8409361,2.0001495,0,-1.3919005393981934
422,0.99044096,0.13793737,0.9741749,0.22579475,0.94484574,1.6160024,0,-2.312256336212158
423,0.9460153,0.32412204,0.88257146,0.4701783,0.9400293,0.9944809,0,-2.8351004123687744
424,0.8785186,0.47770813,0.8061993,0.59164405,0.69948703,0.4730694,0,-4.1738996505737305
425,0.82774,0.5611118,0.7694608,0.63869405,0.25314176,0.15071173,0,-6.795229911804199
426,0.82867396,0.5597316,0.76513034,0.6438754,-0.26937687,-0.08417224,0,-9.651054382324219
427,0.8808252,0.47344154,0.79448044,0.6072898,-0.7139907,-0.413977,0,-9.792829513549805
428,0.9483149,0.31733078,0.8683064,0.49602827,-0.9472038,-0.95659727,0,-6.4530534744262695
429,0.99136746,0.13111275,0.96619177,0.25782445,-0.9339992,-1.6206338,0,-1.2732049226760864
430,0.9990789,-0.04291058,0.9935067,-0.11377319,-0.8073789,-2.0576403,2,3.34987473487854
431,0.97623587,-0.21671058,0.89493155,-0.44620344,-0.93061405,-1.3866639,2,3.544718027114868
432,0.92056644,-0.39058602,0.7854163,-0.6189679,-0.8541247,-0.68720347,2,4.116282939910889
433,0.8566052,-0.5159725,0.7294692,-0.68401366,-0.51794195,-0.20991991,2,5.7729315757751465
434,0.8266521,-0.5627134,0.7218537,-0.69204575,-0.024118299,0.08224665,2,8.442745208740234
435,0.8516763,-0.5240682,0.7511747,-0.6601035,0.47143382,0.36639294,2,9.864871978759766
436,0.913404,-0.4070543,0.8216348,-0.57001424,0.81773657,0.8118088,2,7.815666675567627
437,0.97111285,-0.23862073,0.927414,-0.3740364,0.9269699,1.4342157,2,3.1253280639648438
438,0.9981795,-0.060313545,0.9992879,-0.03773187,0.8660759,1.9729999,0,-1.7135233879089355
439,0.9913941,0.13091098,0.95307434,0.30273643,1.0377629,1.4260315,0,-1.8485517501831055
440,0.94168854,0.33648583,0.86595964,0.50011384,1.0393759,0.7463305,0,-1.9540126323699951
441,0.8638758,0.50370485,0.8142745,0.58048,0.7638831,0.2503193,0,-3.0484509468078613
442,0.8056369,0.59240973,0.8019935,0.5973327,0.27370903,-0.012398067,0,-5.602558612823486
443,0.8065702,0.59113836,0.81334126,0.5817869,-0.28806,-0.18079144,0,-8.596712112426758
444,0.8656404,0.5006662,0.84645534,0.5324597,-0.7671984,-0.4415226,0,-8.982879638671875
445,0.94274026,0.33352783,0.9089191,0.4169725,-1.034742,-0.90403783,0,-6.168026924133301
446,0.99186987,0.12725617,0.98167413,0.19056731,-1.0553311,-1.473881,0,-1.7314451932907104
447,0.9973632,-0.07257152,0.9893618,-0.14547555,-0.9362883,-1.8452896,2,2.410780429840088
448,0.9638751,-0.26635447,0.89893246,-0.4380873,-1.0076548,-1.203871,2,2.736163854598999
449,0.8961303,-0.44379097,0.8077146,-0.58957374,-0.8502671,-0.59624445,2,3.673980236053467
450,0.82951033,-0.5584914,0.7596526,-0.65032905,-0.44403768,-0.21467894,2,5.922555923461914
451,0.8089684,-0.5878521,0.7469825,-0.6648437,0.0943454,0.011363397,2,9.217918395996094
452,0.8490852,-0.5282559,0.76408863,-0.64511126,0.6062914,0.27220374,2,10.703027725219727
453,0.92179555,-0.38767642,0.82299256,-0.5680522,0.938003,0.7386516,2,8.405265808105469
454,0.9800787,-0.19860941,0.92471826,-0.38065228,1.0011531,1.4155736,2,3.3401641845703125
455,0.9999411,-0.010853185,0.999109,-0.042203043,0.8759961,2.0167718,0,-1.9396493434906006
456,0.9844254,0.1758026,0.9503026,0.31132782,0.989607,1.5134771,0,-2.503598213195801
457,0.93068033,0.36583352,0.85092187,0.5252923,0.94957894,0.85942554,0,-3.0588254928588867
458,0.8583966,0.5129867,0.78224576,0.62297,0.65130347,0.37272772,0,-4.653203010559082
459,0.8128496,0.58247364,0.753974,0.6569043,0.1593042,0.09318854,0,-7.629856109619141
460,0.82587165,0.5638582,0.75581855,0.6547811,-0.38086146,-0.12880048,0,-10.374979019165039
461,0.88842535,0.4590211,0.7925269,0.60983694,-0.80993176,-0.48671097,0,-9.854873657226562
462,0.95780224,0.287428,0.8763372,0.48169822,-0.9988321,-1.0802723,0,-5.854890823364258
463,0.9955148,0.09460596,0.97666353,0.214775,-0.93925726,-1.765284,1,-0.3780708312988281
464,0.9957889,-0.09167631,0.9889391,-0.14832196,-0.92128354,-1.8205312,2,2.456108331680298
465,0.96012145,-0.27958325,0.89894027,-0.4380712,-0.9689544,-1.2007183,2,2.9280526638031006
466,0.89423275,-0.4476022,0.8068346,-0.59077746,-0.79611164,-0.6127965,2,4.021559238433838
467,0.83337116,-0.5527138,0.75603855,-0.65452707,-0.38848504,-0.23551284,2,6.3933844566345215
468,0.8188731,-0.5739746,0.74130493,-0.6711684,0.13771378,0.005661029,2,9.586381912231445
469,0.8612617,-0.50816166,0.75973076,-0.65023774,0.62563753,0.2975137,2,10.687576293945312
470,0.9309126,-0.36524206,0.82411224,-0.5664265,0.92525667,0.7995411,2,8.013042449951172
471,0.9836063,-0.1803293,0.9308742,-0.36533976,0.96012884,1.4948765,2,2.739103317260742
472,0.99999887,-0.0015029316,0.99993527,-0.011375802,0.8286975,2.0737414,0,-2.5042200088500977
473,0.9842543,0.1767584,0.9379604,0.34674242,0.9537556,1.5234107,0,-2.939333438873291
474,0.9325906,0.3609359,0.8315042,0.5555184,0.9223297,0.8367647,0,-3.4148101806640625
475,0.86353326,0.50429183,0.7636232,0.6456622,0.6302965,0.33076409,0,-4.905271530151367
476,0.8205911,0.57151574,0.7412249,0.6712568,0.14799002,0.0331357,0,-7.669672966003418
477,0.83381087,0.55205023,0.752486,0.6586083,-0.37675658,-0.21034555,0,-10.04118537902832
478,0.8936477,0.4487692,0.800563,0.5992486,-0.78676,-0.58720785,0,-9.169496536254883
479,0.9593258,0.28230125,0.89208555,0.45186648,-0.96288353,-1.1784724,0,-5.053502559661865
480,0.9953982,0.09582499,0.98606455,0.16636322,-0.9143088,-1.8142122,1,0.16532742977142334
481,0.99606156,-0.088664286,0.98019266,-0.19804634,-0.9285451,-1.7830429,2,2.598679542541504
482,0.959995,-0.28001717,0.8822684,-0.47074667,-0.99215364,-1.1083558,2,2.8357930183410645
483,0.8921026,-0.4518329,0.7968906,-0.6041236,-0.81354165,-0.5101425,2,3.774810791015625
484,0.829452,-0.558578,0.7580248,-0.6522257,-0.3942833,-0.14288378,2,6.012318134307861
485,0.8146617,-0.5799365,0.7547303,-0.6560352,0.14024322,0.0850244,2,9.073601722717285
486,0.8580125,-0.5136288,0.78191364,-0.6233868,0.631977,0.36375415,2,10.049163818359375
487,0.92915255,-0.36969653,0.8493897,-0.5277663,0.93530774,0.84424126,2,7.410516738891602
488,0.98329735,-0.18200639,0.9482918,-0.31739992,0.98311245,1.4931645,2,2.460541009902954
489,0.99999315,0.0037066983,0.9994804,0.032232247,0.8747212,2.0007055,0,-2.3313522338867188
490,0.9814389,0.19177514,0.9293845,0.36911297,1.0027833,1.4094423,0,-2.599992275238037
491,0.92414683,0.38203743,0.8304483,0.55709565,0.94476306,0.73693997,0,-3.0855937004089355
492,0.8512837,0.52470565,0.772805,0.6346436,0.6191386,0.26955184,0,-4.685816287994385
493,0.80968314,0.5868673,0.75632447,0.6541967,0.111225925,0.008243428,0,-7.63569450378418
494,0.8282975,0.56028855,0.76888543,0.6393866,-0.4271819,-0.21285686,0,-10.048019409179688
495,0.8938868,0.4482928,0.81516355,0.5792309,-0.8389696,-0.5816244,0,-9.101200103759766
496,0.96218854,0.27238423,0.90243655,0.43082273,-1.007495,-1.170544,0,-4.980749130249023
497,0.9969727,0.07775273,0.9893563,0.14551358,-0.9476454,-1.7971097,1,0.1661255955696106
498,0.99371356,-0.1119527,0.97680634,-0.21412465,-0.9463832,-1.7552869,2,2.606851577758789
499,0.95285755,-0.30341795,0.8767829,-0.48088646,-0.98350435,-1.0906528,2,2.9916164875030518
500,0.8829886,-0.46939453,0.79058355,-0.6123542,-0.7761433,-0.5170043,2,4.163418292999268
501,0.82374907,-0.56695455,0.74885017,-0.66273934,-0.33717898,-0.16979766,2,6.691900253295898
502,0.8158893,-0.5782082,0.74152416,-0.67092615,0.20320529,0.056072142,2,9.860980987548828
503,0.8651015,-0.5015968,0.76679873,-0.6418876,0.6846294,0.35688454,2,10.55105209350586
504,0.9370515,-0.34919128,0.83805794,-0.5455813,0.9600784,0.8815688,2,7.468483924865723
505,0.9872354,-0.15926774,0.945557,-0.32545662,0.9691478,1.5801613,2,2.0779426097869873
506,0.99978226,0.020865398,0.99903405,0.04394273,0.83349293,2.1084242,0,-2.9635872840881348
507,0.97979826,0.19998847,0.91728324,0.39823547,0.9589841,1.4956005,0,-3.3061225414276123
508,0.9240953,0.38216224,0.8041405,0.59443927,0.90636826,0.79275197,0,-3.8799023628234863
509,0.8549394,0.5187279,0.7372612,0.67560786,0.58618516,0.29991403,0,-5.565798282623291
510,0.8171875,0.57637197,0.7172587,0.69680697,0.08589084,0.01294116,0,-8.505891799926758
511,0.8375588,0.5463472,0.73218054,0.6811106,-0.438905,-0.24173436,0,-10.643733978271484
512,0.9013621,0.43306622,0.7880197,0.61565006,-0.8279236,-0.6561051,0,-9.211978912353516
513,0.9653368,0.26100746,0.8912223,0.45356682,-0.9667826,-1.2959027,0,-4.544238090515137
514,0.9970772,0.07640062,0.9898161,0.14235187,-0.88811636,-1.9496046,2,0.9325697422027588
515,0.9933212,-0.115382336,0.9773476,-0.21164046,-1.0248992,-1.5487657,2,1.6440885066986084
516,0.9476603,-0.31928024,0.8953987,-0.4452653,-1.0331374,-0.9289508,2,1.9963178634643555
517,0.8720836,-0.48935688,0.8290754,-0.55913687,-0.7877998,-0.42403844,2,3.209670066833496
518,0.81104773,-0.58498,0.7982296,-0.6023534,-0.32052454,-0.13702127,2,5.866566181182861
519,0.8060519,-0.59184486,0.7926401,-0.60968983,0.23749389,0.04285967,2,9.209844589233398
520,0.8606812,-0.5091443,0.81170785,-0.5840637,0.7304419,0.30487415,2,10.104015350341797
521,0.9375439,-0.34786695,0.8686884,-0.49535888,1.0158556,0.7887112,2,7.415469169616699
522,0.9892927,-0.14594497,0.95661026,-0.29137066,1.0328941,1.4439969,2,2.4944043159484863
523,0.9989173,0.04652223,0.9987446,0.0500915,0.88636625,1.9565135,0,-2.3535208702087402
524,0.9728822,0.23130113,0.9252033,0.37947178,0.9659924,1.3908143,0,-2.893500804901123
525,0.91301054,0.40793595,0.82390493,0.56672806,0.8611042,0.7605943,0,-3.753349781036377
526,0.846871,0.5317983,0.76011115,0.6497931,0.50852436,0.32288972,0,-5.776635646820068
527,0.817967,0.57526517,0.7358941,0.67709666,0.0001954075,0.05780419,0,-8.9497652053833
528,0.84698594,0.5316153,0.744797,0.66729116,-0.5113555,-0.20703702,0,-10.870491027832031
529,0.9135928,0.40663022,0.79698646,0.6039972,-0.86947113,-0.65262336,0,-9.094327926635742
530,0.9735268,0.22857305,0.8989612,0.43802828,-0.9683196,-1.323575,0,-4.189364433288574
531,0.99893296,0.046184324,0.99294955,0.1185377,-0.8573207,-1.9832304,2,1.3768609762191772
532,0.9905233,-0.13734484,0.9707643,-0.24003494,-0.9755633,-1.5657023,2,2.1242589950561523
533,0.944172,-0.3294529,0.8809815,-0.47315073,-0.9692891,-0.9362009,2,2.5704314708709717
534,0.87350005,-0.48682413,0.8105219,-0.5857083,-0.7169743,-0.42633823,2,3.8854923248291016
535,0.8206623,-0.5714135,0.77884144,-0.62722087,-0.25662076,-0.123200186,2,6.545866966247559
536,0.82196105,-0.5695437,0.7767943,-0.62975436,0.27866048,0.09180853,2,9.500276565551758
537,0.87656987,-0.48127466,0.8052884,-0.59288335,0.7341159,0.40368307,2,9.739418029785156
538,0.9470401,-0.32111537,0.8753472,-0.48349485,0.975811,0.9310029,2,6.518349647521973
539,0.99166065,-0.12887646,0.9682289,-0.2500657,0.9668864,1.5836623,2,1.4544607400894165
540,0.998675,0.051461548,0.9934735,0.11406338,0.83567864,2.0198095,0,-3.1345207691192627
541,0.97338146,0.22919102,0.8975816,0.44084838,0.9435038,1.3638567,0,-3.41078782081604
542,0.9152033,0.40299258,0.7905632,0.61238045,0.8485651,0.68642664,0,-4.105690956115723
543,0.8509683,0.5252171,0.7338527,0.67930865,0.49745756,0.22911139,0,-5.936203956604004
544,0.8234274,0.5674217,0.72267973,0.69118303,-0.005620346,-0.050618295,0,-8.78754711151123
545,0.8520124,0.5235216,0.747536,0.66422135,-0.5040271,-0.33309805,0,-10.240482330322266
546,0.9161466,0.40084344,0.8151755,0.5792141,-0.8451145,-0.78987855,0,-8.095102310180664
547,0.97365963,0.22800647,0.9223373,0.38638577,-0.9393345,-1.436856,0,-3.218456983566284
548,0.99879664,0.049042936,0.9988734,0.047454454,-0.8574026,-2.0060651,2,1.8378742933273315
549,0.99032694,-0.13875367,0.9533816,-0.30176732,-1.0146012,-1.4769342,2,2.1137523651123047
550,0.94075453,-0.33908832,0.8611896,-0.50828385,-1.0124063,-0.7980994,2,2.321936845779419
551,0.8651228,-0.5015601,0.80304235,-0.59592193,-0.73904556,-0.2938475,2,3.5077309608459473
552,0.809745,-0.5867819,0.78587276,-0.61838824,-0.25412115,-0.01748957,2,6.118213176727295
553,0.81250936,-0.5829481,0.7951152,-0.6064585,0.29937276,0.17020002,2,9.03384017944336
554,0.8711896,-0.49094674,0.8299712,-0.5578063,0.7657938,0.45783013,2,9.205793380737305
555,0.94577163,-0.3248323,0.8987987,-0.4383616,1.0157593,0.95405275,2,6.09742546081543
556,0.99232537,-0.123654015,0.9796323,-0.20079972,1.0198008,1.553771,2,1.3927768468856812
557,0.9976412,0.06864402,0.98840255,0.1518567,0.899659,1.9283313,0,-2.8481526374816895
558,0.96641505,0.2569862,0.88972926,0.45648864,0.9882565,1.2590321,0,-3.123243570327759
559,0.9012071,0.43338868,0.79080516,0.612068,0.8503377,0.61730486,0,-3.985414505004883
560,0.83510727,0.5500871,0.74013424,0.6724591,0.4576563,0.20882067,0,-6.119966983795166
561,0.8127887,0.5825586,0.7291568,0.6843467,-0.07309304,-0.034987047,0,-9.287516593933105
562,0.8500735,0.5266641,0.7506805,0.6606654,-0.58157104,-0.3065085,0,-10.698358535766602
563,0.92057204,0.39057282,0.81552845,0.578717,-0.91306883,-0.7789016,0,-8.315530776977539
564,0.9784906,0.20629139,0.9229129,0.38500875,-0.97989863,-1.4574223,0,-3.1769776344299316
565,0.9997576,0.022018665,0.9992344,0.039123636,-0.86547536,-2.0506692,2,2.081495761871338
566,0.98638004,-0.16448225,0.9478313,-0.31877246,-0.99745595,-1.5257906,2,2.531660556793213
567,0.93363637,-0.35822213,0.8467404,-0.53200626,-0.9738751,-0.84865916,2,2.962324619293213
568,0.85960066,-0.5109664,0.7796408,-0.62622696,-0.68364197,-0.3480359,2,4.4276933670043945
569,0.81040126,-0.5858752,0.7547109,-0.6560575,-0.19111376,-0.06698667,2,7.309235572814941
570,0.82025295,-0.5720009,0.75942343,-0.65059674,0.35675082,0.14487633,2,10.13481330871582
571,0.882194,-0.4708862,0.79674417,-0.6043167,0.7999112,0.48381692,2,9.798401832580566
572,0.9538088,-0.30041447,0.878328,-0.47805846,1.0073164,1.0554959,2,5.984771728515625
573,0.9945047,-0.10469183,0.9761312,-0.21718161,0.9640993,1.7262342,2,0.6421757936477661
574,0.9972378,0.074275054,0.9851522,0.1716833,0.82863003,2.110834,0,-3.860703945159912
575,0.9680801,0.250641,0.86498386,0.5017997,0.94042134,1.3866283,0,-4.13817024230957
576,0.9069078,0.4213291,0.7454808,0.66652715,0.82916087,0.68391484,0,-5.011688709259033
577,0.8436394,0.53691024,0.68451583,0.728998,0.45379674,0.22925644,0,-7.122006893157959
578,0.8216042,0.5700584,0.6723084,0.74027115,-0.06572688,-0.050098598,0,-10.17036247253418
579,0.8567239,0.51577526,0.7002679,0.7138802,-0.5631118,-0.3566344,0,-11.310426712036133
580,0.9235003,0.38359773,0.7798998,0.62590444,-0.8784981,-0.8723852,0,-8.440574645996094
581,0.97819394,0.20769349,0.9087315,0.4173812,-0.92466897,-1.601593,0,-2.7173690795898438
582,0.9993666,0.035587702,0.9991119,0.042136025,-0.80461615,-2.2209222,2,2.8483664989471436
583,0.9898813,-0.14189816,0.93862766,-0.34493202,-0.97093964,-1.6529038,2,3.1601734161376953
584,0.94171965,-0.33639878,0.82158357,-0.5700881,-0.995167,-0.9003055,2,3.3750882148742676
585,0.8674151,-0.49758533,0.7477172,-0.6640173,-0.7365795,-0.33903775,2,4.595749378204346
586,0.81246215,-0.5830139,0.72508144,-0.6886631,-0.2547517,-0.026697684,2,7.235127925872803
587,0.8151516,-0.57924765,0.7360994,-0.6768734,0.2987968,0.19025695,2,10.079498291015625
588,0.8731614,-0.4874313,0.7801382,-0.62560725,0.7595599,0.5182858,2,9.894172668457031
589,0.94615096,-0.32372567,0.86785054,-0.4968253,0.9912188,1.077151,2,6.13043212890625
590,0.9915286,-0.12988861,0.9721667,-0.2342902,0.9711715,1.7459693,2,0.768379807472229
591,0.9986263,0.05239747,0.9873355,0.15864633,0.85617167,2.1333804,0,-3.6830501556396484
592,0.9715121,0.23698996,0.8698587,0.49330097,0.991324,1.3957702,0,-3.8179945945739746
593,0.90776247,0.41948462,0.7520523,0.6591034,0.89644605,0.67483324,0,-4.537753582000732
594,0.8372992,0.5467449,0.6934383,0.720516,0.52094126,0.21802767,0,-6.548172950744629
595,0.8078798,0.5893473,0.6817057,0.7316265,-0.015795458,-0.039601706,0,-9.769999504089355
596,0.8405088,0.5417979,0.7050698,0.7091379,-0.54535365,-0.3046358,0,-11.465963363647461
597,0.91154546,0.41119933,0.77463233,0.63241184,-0.9026754,-0.77467597,0,-9.131753921508789
598,0.9735196,0.22860341,0.8955472,0.44496647,-0.98346823,-1.4851512,0,-3.6524155139923096
599,0.99900585,0.044579495,0.99571407,0.09248539,-0.86332494,-2.1496503,2,2.090367078781128
600,0.9898511,-0.14210817,0.956562,-0.291529,-1.0044029,-1.6638262,2,2.686673402786255
601,0.93989974,-0.34145048,0.8482974,-0.5295201,-1.0158215,-0.9605206,2,3.060884952545166
602,0.862834,-0.50548744,0.77001876,-0.63802123,-0.75394297,-0.41938353,2,4.445723056793213
603,0.80534697,-0.5928037,0.7365564,-0.6763761,-0.26601413,-0.120979644,2,7.347318172454834
604,0.8074872,-0.5898851,0.7335435,-0.6796425,0.30124962,0.07812529,2,10.634103775024414
605,0.867891,-0.49675462,0.7623261,-0.6471931,0.78143394,0.38992947,2,10.879148483276367
606,0.9446169,-0.32817507,0.8400282,-0.54254264,1.0266821,0.95704484,2,7.233675003051758
607,0.99172467,-0.12838297,0.95280725,-0.30357596,0.9917664,1.6934236,2,1.4681110382080078
608,0.9985627,0.053596683,0.9960469,0.0888287,0.83105725,2.2039611,0,-3.626692533493042
609,0.97305,0.23059414,0.89220214,0.45163634,0.94642454,1.5420156,0,-4.060782432556152
610,0.9135555,0.40671408,0.76323026,0.64612657,0.8706283,0.8215218,0,-4.917173862457275
611,0.84615517,0.53293663,0.6865825,0.7270519,0.52237356,0.33572617,0,-7.017139911651611
612,0.8160945,0.57791847,0.6593661,0.75182205,0.004138846,0.05064301,0,-10.325469017028809
613,0.845479,0.5340087,0.67146933,0.74103236,-0.51872003,-0.23123357,0,-12.224737167358398
614,0.9131718,0.40757474,0.7355223,0.67750055,-0.8771179,-0.71574205,0,-9.987524032592773
615,0.97322357,0.22986066,0.8630313,0.50515044,-0.9539625,-1.4634295,0,-4.221484184265137
616,0.9985494,0.05384362,0.9876092,0.15693334,-0.8104692,-2.212291,2,2.1381449699401855
617,0.99271554,-0.12048202,0.9683818,-0.24947265,-0.93853134,-1.8033576,2,3.0420165061950684
618,0.9504711,-0.3108129,0.85605574,-0.5168835,-0.98149705,-1.0978675,2,3.4050471782684326
619,0.87968814,-0.47555098,0.7648721,-0.6441822,-0.76891416,-0.507037,2,4.626033782958984
620,0.8211223,-0.5707523,0.7227956,-0.69106185,-0.3207844,-0.15643364,2,7.239017486572266
621,0.8155043,-0.57875097,0.7172414,-0.6968248,0.22534339,0.073640384,2,10.408597946166992
622,0.86694837,-0.49839798,0.7467286,-0.6651289,0.70446223,0.3895217,2,10.874698638916016
623,0.93931246,-0.3430629,0.82613534,-0.56347173,0.9669548,0.94278246,2,7.434016227722168
624,0.988172,-0.15334971,0.94358546,-0.3311291,0.95715976,1.6720107,2,1.713796854019165
625,0.9997246,0.023466395,0.99836266,0.057201568,0.8152712,2.2021878,0,-3.4298839569091797
626,0.97977054,0.20012411,0.9054393,0.42447576,0.9539372,1.5540544,0,-3.73002290725708
627,0.9239517,0.38250917,0.78171235,0.62363917,0.91223156,0.81692207,0,-4.302348613739014
628,0.854015,0.52024835,0.70992404,0.7042783,0.592943,0.3062613,0,-6.021390438079834
629,0.8156395,0.5785605,0.6887164,0.72503084,0.08761221,0.0129778255,0,-9.025522232055664
630,0.83623725,0.5483678,0.7045389,0.70966536,-0.44302443,-0.24634758,0,-11.184772491455078
631,0.9007951,0.43424436,0.76424444,0.64492667,-0.8337345,-0.6739794,0,-9.60400390625
632,0.96514946,0.26169935,0.8765039,0.4813948,-0.9652278,-1.3430603,0,-4.618094444274902
633,0.99689037,0.07880107,0.987065,0.16032048,-0.8731606,-2.0343266,2,1.1821516752243042
634,0.9939629,-0.10971659,0.9772466,-0.21210644,-1.0104811,-1.6435984,2,1.9891886711120605
635,0.94987166,-0.31264007,0.88758355,-0.46064672,-1.0357008,-0.9985016,2,2.3267173767089844
636,0.87442917,-0.48515317,0.8131405,-0.58206743,-0.805775,-0.46216318,2,3.511538028717041
637,0.81133527,-0.58458114,0.77773744,-0.6285893,-0.3441089,-0.15480456,2,6.150473594665527
638,0.8036637,-0.5950838,0.7702613,-0.63772845,0.21709009,0.03328914,2,9.566743850708008
639,0.8569286,-0.5154352,0.78928256,-0.6140302,0.7182562,0.29913738,2,10.547517776489258
640,0.9343995,-0.35622695,0.8494254,-0.52770877,1.0112306,0.79463536,2,7.776735305786133
641,0.9878293,-0.15554172,0.9462258,-0.32350692,1.0282987,1.479879,2,2.6020638942718506
642,0.99937254,0.035419513,0.9996243,0.027408347,0.8778117,2.0293427,0,-2.476893424987793
643,0.9755895,0.21960223,0.92782307,0.37302065,0.9685333,1.4688113,0,-3.0423319339752197
644,0.9168052,0.39933467,0.82019377,0.57208586,0.88455755,0.815373,0,-3.854635715484619
645,0.84854484,0.52912354,0.7502568,0.6611465,0.5455447,0.35504362,0,-5.826482772827148
646,0.81536597,0.5789459,0.7219083,0.69198877,0.03763998,0.082368426,0,-9.048460960388184
647,0.84108114,0.540909,0.7272829,0.6863378,-0.48545885,-0.17540957,0,-11.236703872680664
648,0.9076667,0.41969183,0.7764048,0.63023454,-0.8625518,-0.6105608,0,-9.678306579589844
649,0.97023284,0.24217407,0.88001055,0.4749541,-0.97677654,-1.2891685,0,-4.738254547119141
650,0.9982938,0.058390602,0.9867037,0.1625293,-0.86353403,-1.9941168,2,1.114734172821045
651,0.99209404,-0.1254968,0.9788511,-0.20457408,-0.9741969,-1.6310391,2,2.079164743423462
652,0.947877,-0.31863645,0.89082503,-0.45434648,-0.9783925,-1.0157554,2,2.576035499572754
653,0.8772843,-0.47997117,0.8142579,-0.5805032,-0.7435817,-0.49302304,2,3.8836116790771484
654,0.8214259,-0.5703152,0.7753881,-0.631485,-0.29302454,-0.17691384,2,6.550484657287598
655,0.81860125,-0.5743623,0.76664734,-0.64206845,0.24502638,0.03865724,2,9.70472240447998
656,0.87105566,-0.49118426,0.7887188,-0.61475414,0.71453345,0.3414808,2,10.270183563232422
657,0.94264776,-0.33378917,0.855108,-0.5184499,0.974125,0.86707807,2,7.194352149963379
658,0.9899266,-0.14158155,0.95431644,-0.29879785,0.97125036,1.5519649,2,1.9507319927215576
659,0.9992612,0.03843319,0.9979525,0.063959286,0.827876,2.057549,0,-2.972862482070923
660,0.9767103,0.21456221,0.9134691,0.40690815,0.93597364,1.4457927,0,-3.362774133682251
661,0.9209717,0.38962954,0.8032077,0.5956991,0.86225706,0.7644658,0,-4.037008762359619
662,0.85594857,0.517061,0.73879874,0.6739261,0.532366,0.28722033,0,-5.807446002960205
663,0.82424885,0.56622773,0.7206237,0.6933264,0.038128797,-0.0033790157,0,-8.681282043457031
664,0.84836656,0.5294093,0.7390008,0.67370456,-0.46640468,-0.27994537,0,-10.437176704406738
665,0.9109571,0.41250113,0.8005087,0.5993212,-0.82566804,-0.7219118,0,-8.620573043823242
666,0.97021395,0.24224965,0.90659267,0.42200685,-0.9382121,-1.3696162,0,-3.823352336883545
667,0.99797964,0.06353462,0.99538225,0.09599021,-0.856427,-1.9835541,2,1.4578715562820435
668,0.99237615,-0.12324624,0.9664044,-0.25702643,-1.0062866,-1.5166346,2,1.9226759672164917
669,0.9462054,-0.3235667,0.8787259,-0.47732672,-1.0155534,-0.8617158,2,2.1588335037231445
670,0.8719185,-0.48965105,0.8167113,-0.57704645,-0.76340705,-0.35016116,2,3.2935614585876465
671,0.8138977,-0.5810082,0.79405034,-0.60785204,-0.2940594,-0.06180183,2,5.831118583679199
672,0.8116825,-0.5840989,0.79799116,-0.6026692,0.2562561,0.12623173,2,8.87493896484375
673,0.8666303,-0.49895084,0.82702994,-0.56215787,0.7330216,0.39997685,2,9.393885612487793
674,0.9411732,-0.33792463,0.8904992,-0.4549849,1.002439,0.88030183,2,6.557927131652832
675,0.99037826,-0.13838662,0.9724483,-0.23311865,1.0209924,1.4884627,2,1.8826956748962402
676,0.99853927,0.054031,0.9938971,0.11031129,0.8986189,1.9098815,0,-2.510516405105591
677,0.9701733,0.24241239,0.9076667,0.41969183,0.98766816,1.2822322,0,-2.8282649517059326
678,0.90711385,0.4208853,0.8117413,0.5840172,0.86464864,0.64896995,0,-3.62252140045166
679,0.84012806,0.5423881,0.75954354,0.6504564,0.48903492,0.23307535,0,-5.634592533111572
680,0.8138532,0.5810705,0.7460128,0.6659316,-0.032632027,-0.01356527,0,-8.75483512878418
681,0.8468199,0.5318798,0.7635457,0.64575386,-0.5445212,-0.27234283,0,-10.423970222473145
682,0.9158025,0.4016289,0.8213884,0.57036924,-0.893225,-0.71638423,0,-8.439237594604492
683,0.9756089,0.219516,0.9208283,0.38996825,-0.9846346,-1.3666562,0,-3.625396728515625
684,0.99945587,0.03298484,0.9980137,0.06299777,-0.8827524,-1.9637599,2,1.5581531524658203
685,0.987672,-0.15653782,0.95907736,-0.28314415,-1.008138,-1.4806595,2,2.0738108158111572
686,0.935931,-0.3521834,0.86854094,-0.49561742,-0.9805683,-0.840096,2,2.5109024047851562
687,0.8620313,-0.50685513,0.8053502,-0.5927993,-0.6946834,-0.35644948,2,3.9357810020446777
688,0.8115328,-0.5843069,0.7801507,-0.62559164,-0.2082095,-0.08292395,2,6.769540309906006
689,0.819241,-0.5734494,0.7820875,-0.62316865,0.33791357,0.11840603,2,9.685063362121582
690,0.8798076,-0.47532997,0.8135602,-0.58148074,0.7875208,0.436118,2,9.634011268615723
691,0.9519582,-0.3062281,0.88578874,-0.46408865,1.010171,0.97747236,2,6.180089950561523
692,0.99409056,-0.108553715,0.9756286,-0.21942835,0.98178357,1.6269672,2,1.0855554342269897
693,0.9972642,0.07391942,0.9885637,0.15080382,0.8424749,2.0287461,0,-3.4119515419006348
694,0.9678994,0.2513381,0.88122994,0.47268787,0.9375035,1.3471545,0,-3.747849702835083
695,0.90727735,0.42053282,0.7701899,0.63781464,0.8180901,0.6747519,0,-4.625349521636963
696,0.8452396,0.5343875,0.71189994,0.70228094,0.44504726,0.23219997,0,-6.703293800354004
697,0.82391083,0.5667195,0.6994978,0.7146347,-0.06733934,-0.044924214,0,-9.682754516601562
698,0.8586008,0.51264477,0.7256124,0.6881036,-0.55786383,-0.34863737,0,-10.823592185974121
699,0.9243853,0.38146007,0.80039895,0.5994677,-0.87171644,-0.8509518,0,-8.129602432250977
700,0.97852755,0.20611604,0.91944593,0.3932165,-0.92594874,-1.5504999,0,-2.7208762168884277
701,0.9994716,0.032504085,0.9995679,0.02939221,-0.81679976,-2.1379225,2,2.589827299118042
702,0.9891249,-0.14707781,0.94011664,-0.34085295,-0.9771169,-1.5713115,2,2.8633735179901123
703,0.9400848,-0.3409406,0.83178586,-0.5550966,-0.9849143,-0.8454177,2,3.0897042751312256
704,0.8666228,-0.4989638,0.76506436,-0.64395386,-0.7161052,-0.308286,2,4.311126708984375
705,0.81401485,-0.5808441,0.7462953,-0.665615,-0.23415914,-0.0073198155,2,6.914437770843506
706,0.818696,-0.57422715,0.75930667,-0.65073293,0.31209227,0.20812432,2,9.625123977661133
707,0.8769305,-0.48061728,0.8036233,-0.5951383,0.7627491,0.534344,2,9.363617897033691
708,0.9486231,-0.31640828,0.8871962,-0.46139243,0.98893785,1.0763801,2,5.739892959594727
709,0.9925022,-0.12222689,0.9800487,-0.19875751,0.9752121,1.7036599,2,0.6966667175292969
710,0.99808353,0.06188118,0.9833818,0.18154961,0.8678413,2.0483172,0,-3.521153211593628
711,0.96889555,0.24747007,0.8670974,0.49813864,0.9895321,1.3111131,0,-3.6409573554992676
712,0.9042716,0.4269577,0.75787956,0.65239453,0.8732864,0.6161037,0,-4.386844158172607
713,0.8360813,0.5486055,0.7065043,0.7077088,0.4860254,0.1804562,0,-6.414433479309082
714,0.81070125,0.58546007,0.69980824,0.71433073,-0.049050577,-0.07214739,0,-9.532573699951172
715,0.8460548,0.53309596,0.72755104,0.6860536,-0.5657731,-0.3451946,0,-10.936508178710938
716,0.91665065,0.3996894,0.8000322,0.59995705,-0.9050377,-0.821896,0,-8.435585021972656
717,0.97615105,0.21709237,0.91640383,0.4002549,-0.9761367,-1.5125697,0,-3.1082382202148438
718,0.9994422,0.03339485,0.99905246,0.043522127,-0.8672071,-2.114525,2,2.242021083831787
719,0.98789847,-0.1551018,0.94554764,-0.32548383,-1.0159843,-1.5728246,2,2.629725217819214
720,0.93503106,-0.35456586,0.8394373,-0.54345655,-1.009936,-0.8669298,2,2.9785122871398926
721,0.8575112,-0.51446533,0.77002764,-0.6380105,-0.72516817,-0.34889245,2,4.390201091766357
722,0.80342376,-0.5954076,0.7446595,-0.6674446,-0.22509357,-0.0688006,2,7.306249618530273
723,0.8103942,-0.585885,0.7483304,-0.6633262,0.33982334,0.12820911,2,10.376900672912598
724,0.87346625,-0.48688465,0.7832137,-0.6217527,0.8051812,0.44947302,2,10.284173011779785
725,0.94915915,-0.31479663,0.86376214,-0.50389975,1.031532,1.0179917,2,6.51947021484375
726,0.99344957,-0.11427159,0.9679719,-0.25105846,0.9914482,1.7175102,2,0.9938709735870361
727,0.99761474,0.06902814,0.9900761,0.14053205,0.8446038,2.1522183,0,-3.7333102226257324
728,0.9686801,0.24831206,0.8750435,0.48404428,0.9555602,1.4503613,0,-4.0927205085754395
729,0.90631515,0.42260242,0.7507123,0.6606293,0.85208416,0.7435315,0,-5.019085884094238
730,0.8402202,0.5422453,0.6819726,0.7313777,0.4786076,0.28467458,0,-7.234710216522217
731,0.8155076,0.5787464,0.6610742,0.75032055,-0.049462024,0.012279989,0,-10.547151565551758
732,0.8503507,0.5262164,0.67926985,0.7338886,-0.56427175,-0.2793599,0,-12.080305099487305
733,0.9196248,0.39279792,0.750623,0.6607308,-0.8990098,-0.7881629,0,-9.419954299926758
734,0.97713643,0.21261318,0.8819668,0.4713115,-0.94926256,-1.547551,0,-3.4879984855651855
735,0.9992767,0.038027383,0.99448866,0.10484414,-0.8017389,-2.2556298,2,2.646214008331299
736,0.99072576,-0.13587682,0.9536568,-0.30089653,-0.9427518,-1.7720134,2,3.316145658493042
737,0.9453953,-0.32592592,0.83295727,-0.5533373,-0.97770435,-1.0342355,2,3.658130407333374
738,0.87341297,-0.4869803,0.7447209,-0.66737604,-0.74318403,-0.4499183,2,4.950204849243164
739,0.81767046,-0.5756866,0.7083302,-0.70588124,-0.2781483,-0.112355605,2,7.654170036315918
740,0.81728214,-0.57623774,0.70873904,-0.70547074,0.27116966,0.11843954,2,10.688362121582031
741,0.8724896,-0.4886328,0.74574,-0.6662371,0.73758894,0.453739,2,10.726022720336914
742,0.9445018,-0.32850617,0.8340172,-0.5517384,0.97504395,1.0338407,2,6.889760494232178
743,0.99032104,-0.13879557,0.9541089,-0.29945993,0.944559,1.7659627,2,1.057112455368042
744,0.99936014,0.03576679,0.9944907,0.104824886,0.80793303,2.2444563,0,-3.89388370513916
745,0.9772731,0.21198422,0.8832357,0.46892935,0.9567602,1.5359595,0,-4.092566013336182
746,0.91930646,0.39354238,0.7538343,0.6570646,0.90530515,0.7795424,0,-4.708718776702881
747,0.8493754,0.5277891,0.68381625,0.72965425,0.5688046,0.274253,0,-6.529736518859863
748,0.81405807,0.5807835,0.6661385,0.74582803,0.052066077,-0.013570885,0,-9.609434127807617
749,0.83873725,0.54453635,0.6867134,0.7269283,-0.47832447,-0.28150415,0,-11.561189651489258
750,0.90527725,0.4248213,0.7542059,0.656638,-0.85477084,-0.73511016,0,-9.566873550415039
751,0.9682825,0.24985796,0.87656534,0.48128292,-0.96178544,-1.4362919,0,-4.1911420822143555
752,0.9976006,0.06923175,0.99009556,0.14039516,-0.8536168,-2.1338358,2,1.7452824115753174
753,0.99326104,-0.115898736,0.9688725,-0.24756029,-0.9987695,-1.7019361,2,2.46179461479187
754,0.94829506,-0.31739008,0.8668366,-0.4985923,-1.0337957,-1.0110201,2,2.7502524852752686
755,0.8721491,-0.48924014,0.7873603,-0.6164931,-0.802906,-0.4507908,2,3.9433631896972656
756,0.80928737,-0.5874129,0.75214,-0.6590033,-0.33487847,-0.13504104,2,6.61879301071167
757,0.80300957,-0.5959661,0.74731,-0.6644756,0.23114996,0.059184995,2,10.011709213256836
758,0.8578138,-0.5139606,0.77123,-0.6365566,0.7311094,0.3387352,2,10.789462089538574
759,0.9356273,-0.35298958,0.8394213,-0.5434813,1.014506,0.85820174,2,7.704651832580566
760,0.98824793,-0.15285948,0.9451216,-0.32671875,1.018003,1.5670698,2,2.256174087524414
761,0.9993665,0.035589278,0.99912983,0.041708544,0.8659444,2.1126306,0,-2.880511999130249
762,0.97576827,0.21880646,0.91720736,0.3984101,0.9714589,1.5153025,0,-3.3783628940582275
763,0.9164031,0.40025654,0.80073935,0.5990129,0.89807415,0.8284881,0,-4.1647820472717285
764,0.8465192,0.5323582,0.7273255,0.68629265,0.55857146,0.35287264,0,-6.152702808380127
765,0.8120168,0.5836341,0.6985114,0.7155989,0.043389972,0.077987544,0,-9.446430206298828
766,0.837821,0.54594505,0.7045976,0.7096071,-0.48874488,-0.17878415,0,-11.700937271118164
767,0.90570796,0.42390227,0.7562271,0.6543093,-0.8718566,-0.62004185,0,-10.061441421508789
768,0.9695367,0.24494597,0.8665505,0.49908936,-0.9836187,-1.3202914,0,-4.878127098083496
769,0.9981433,0.06090939,0.98360634,0.18032894,-0.859731,-2.0586226,2,1.2551312446594238
770,0.99255997,-0.12175685,0.9794904,-0.2014907,-0.9683419,-1.7099645,2,2.3265743255615234
771,0.9491026,-0.31496716,0.88563204,-0.4643876,-0.9842693,-1.0782214,2,2.8330163955688477
772,0.8780093,-0.47864357,0.80162406,-0.5978285,-0.76015264,-0.5326684,2,4.147758483886719
773,0.82018906,-0.5720926,0.75751966,-0.65281236,-0.3117706,-0.2029741,2,6.85225772857666
774,0.8154539,-0.578822,0.7453336,-0.66669166,0.2318649,0.0161015,2,10.137660026550293
775,0.8675228,-0.49739745,0.76542777,-0.6435218,0.7110269,0.32019505,2,10.818867683410645
776,0.9402839,-0.34039116,0.8334985,-0.55252177,0.977807,0.8581504,2,7.664870262145996
777,0.9889926,-0.14796504,0.9419687,-0.3357008,0.9710163,1.5793439,2,2.1259748935699463
778,0.9995279,0.030725023,0.9993651,0.0356293,0.8161656,2.1340723,0,-3.1002957820892334
779,0.97877854,0.20492078,0.91782707,0.39698046,0.9299067,1.5368531,0,-3.5631420612335205
780,0.9244943,0.38119587,0.7998372,0.60021704,0.8760192,0.83531415,0,-4.229410648345947
781,0.85838324,0.513009,0.72701937,0.68661696,0.5609916,0.33442745,0,-5.987000942230225
782,0.8234112,0.56744516,0.70277786,0.71140933,0.06952417,0.032746755,0,-8.922060012817383
783,0.84460026,0.5353974,0.71660995,0.6974741,-0.44337067,-0.24214603,0,-10.911941528320312
784,0.9066787,0.42182192,0.7754878,0.63136256,-0.8171393,-0.68110704,0,-9.25645637512207
785,0.96753836,0.25272426,0.885471,0.4646947,-0.9390589,-1.3460649,0,-4.340273380279541
786,0.9972084,0.0746687,0.98971546,0.14305022,-0.8495561,-2.0144546,2,1.3012332916259766
787,0.99395865,-0.10975534,0.9748316,-0.22294259,-0.9921738,-1.6025715,2,1.9917224645614624
788,0.9509927,-0.30921334,0.88646966,-0.46278673,-1.0171415,-0.9548972,2,2.2678749561309814
789,0.87793684,-0.4787765,0.8166016,-0.5772017,-0.7884052,-0.42165294,2,3.3719310760498047
790,0.817223,-0.57632154,0.7865711,-0.6174997,-0.3338151,-0.11212949,2,5.864588260650635
791,0.8101892,-0.58616847,0.7849804,-0.6195206,0.21523495,0.083318464,2,9.034684181213379
792,0.8616801,-0.50745195,0.8096938,-0.58685255,0.70279557,0.3531986,2,9.832443237304688
793,0.9362637,-0.35129797,0.8717165,-0.4900105,0.98846257,0.8341013,2,7.1140289306640625
794,0.98804253,-0.15418147,0.9604987,-0.2782844,1.0154228,1.4708824,2,2.2789623737335205
795,0.99933,0.03660092,0.9978275,0.06588147,0.8887534,1.9499707,0,-2.382979393005371
796,0.9746006,0.22394997,0.9208419,0.38993615,0.9858329,1.355036,0,-2.7606780529022217
797,0.9141295,0.40542233,0.8223855,0.5689307,0.8876158,0.71234447,0,-3.486518383026123
798,0.8455189,0.5339455,0.76470345,0.64438236,0.53399134,0.27510303,0,-5.38214111328125
799,0.8138265,0.5811079,0.74654704,0.6653327,0.020421412,0.019060532,0,-8.485801696777344
800,0.8414047,0.5404055,0.75937545,0.6506527,-0.49965915,-0.22962613,0,-10.477433204650879
801,0.90883523,0.41715527,0.8114803,0.5843798,-0.8705972,-0.6514293,0,-8.874028205871582
802,0.9712837,0.23792437,0.908016,0.4189354,-0.9871373,-1.2912918,0,-4.231287479400635
803,0.9987395,0.05019428,0.99424314,0.10714745,-0.89333534,-1.9206004,2,1.079795241355896
804,0.9900011,-0.14105959,0.97132176,-0.23776878,-1.0140215,-1.4954013,2,1.7513375282287598
805,0.940742,-0.33912316,0.8879136,-0.46001026,-0.9943126,-0.88411754,2,2.209237575531006
806,0.86685574,-0.4985591,0.82352495,-0.56728005,-0.72423786,-0.4018586,2,3.585374355316162
807,0.8129718,-0.5823031,0.7941236,-0.6077563,-0.2483735,-0.12510984,2,6.375095844268799
808,0.815982,-0.5780774,0.7905351,-0.61241674,0.29898882,0.06835879,2,9.487813949584961
809,0.8739503,-0.48601532,0.81452703,-0.5801256,0.7632407,0.36445025,2,9.848445892333984
810,0.9473387,-0.32023332,0.8786743,-0.4774216,1.009181,0.88342714,2,6.733013153076172
811,0.99258476,-0.12155431,0.96760035,-0.25248682,0.99628973,1.5393399,2,1.7008230686187744
812,0.99799395,0.063309215,0.9945255,0.10449448,0.849391,1.9954798,0,-2.9771251678466797
813,0.9704429,0.24133085,0.90265,0.43037534,0.93626803,1.3679756,0,-3.4024460315704346
814,0.9113943,0.41153425,0.7956772,0.6057209,0.82567894,0.71316874,0,-4.255554676055908
815,0.84892875,0.5285073,0.7349636,0.67810655,0.46675843,0.26816306,0,-6.26556396484375
816,0.82482487,0.5653883,0.71819067,0.6958464,-0.037252747,-0.010423775,0,-9.244199752807617
817,0.8563559,0.51638603,0.7383851,0.6743793,-0.5301449,-0.30320355,0,-10.638957023620605
818,0.9210507,0.38944256,0.8048309,0.5935042,-0.85826045,-0.78191125,0,-8.317522048950195
819,0.9765581,0.21525398,0.9159628,0.40126318,-0.9319159,-1.4603938,0,-3.185593843460083
820,0.9992114,0.03970654,0.9984491,0.055672146,-0.8285671,-2.0602043,2,2.114694595336914
821,0.9899786,-0.14121754,0.9521769,-0.3055472,-0.97762626,-1.5404767,2,2.491464376449585
822,0.94227076,-0.3348519,0.8530669,-0.52180153,-0.9809921,-0.85033673,2,2.744628429412842
823,0.8699625,-0.49311787,0.7883203,-0.6152651,-0.7185416,-0.32624605,2,3.9412856101989746
824,0.81709075,-0.57650906,0.767898,-0.64057213,-0.24574168,-0.02726708,2,6.494340896606445
825,0.82003933,-0.57230717,0.7777454,-0.6285794,0.294889,0.18446839,2,9.242490768432617
826,0.87641513,-0.4815564,0.81706035,-0.5765522,0.747212,0.49723077,2,9.193523406982422
827,0.9475792,-0.31952092,0.89324546,-0.44956934,0.9834589,1.0161271,2,5.855700969696045
828,0.99211556,-0.12532625,0.97987175,-0.19962813,0.9812799,1.6252425,2,1.0154435634613037
829,0.9981936,0.0600786,0.9861572,0.16581313,0.8721772,1.9815289,0,-3.188300609588623
830,0.9694052,0.245466,0.87982845,0.4752914,0.98281735,1.2764137,0,-3.334977865219116
831,0.9059457,0.42339385,0.7774905,0.6288946,0.8629709,0.6036349,0,-4.057830810546875
832,0.8391397,0.5439159,0.7289148,0.6846044,0.4807582,0.17510545,0,-6.0183892250061035
833,0.81408393,0.5807472,0.723185,0.69065434,-0.04560316,-0.07811383,0,-9.027233123779297
834,0.8483317,0.5294652,0.75073016,0.66060895,-0.5546276,-0.34944466,0,-10.404275894165039
835,0.9173504,0.39808065,0.8200337,0.5723152,-0.89238405,-0.81180847,0,-8.062751770019531
836,0.9761508,0.21709357,0.9276491,0.37345308,-0.97304934,-1.469326,0,-3.053529739379883
837,0.999473,0.032462697,0.9996302,0.027192498,-0.87871724,-2.032753,2,2.0066707134246826
838,0.9873615,-0.1584842,0.9459751,-0.32423916,-1.0260905,-1.4846934,2,2.313055992126465
839,0.9335749,-0.35838234,0.84849954,-0.52919614,-1.0059674,-0.8014368,2,2.644456386566162
840,0.8564164,-0.5162857,0.7872605,-0.6166206,-0.71086127,-0.30744094,2,4.034765243530273
841,0.80404,-0.59457517,0.7670488,-0.6415888,-0.20915462,-0.041112002,2,6.900564670562744
842,0.8126148,-0.58280116,0.7736998,-0.6335524,0.35074735,0.15036689,2,9.848785400390625
843,0.8760092,-0.48229435,0.80920595,-0.58752507,0.808898,0.46455878,2,9.715028762817383
844,0.9509134,-0.309457,0.88513964,-0.4653255,1.0331103,1.010436,2,6.135504722595215
845,0.9941935,-0.107607104,0.9768662,-0.2138516,1.0023077,1.6635872,2,0.9747754335403442
846,0.9968756,0.07898747,0.98665506,0.16282457,0.86400914,2.0540628,0,-3.4920451641082764
847,0.9654594,0.26055357,0.87381756,0.4862539,0.9593011,1.3558931,0,-3.841684579849243
848,0.90167344,0.43241763,0.75947136,0.65054077,0.8308849,0.68037254,0,-4.808414459228516
849,0.8375568,0.5463503,0.69871753,0.71539766,0.44246265,0.24759148,0,-7.063346862792969
850,0.8170236,0.5766043,0.6828495,0.73055905,-0.08623459,-0.016190019,0,-10.290318489074707
851,0.8550463,0.5185517,0.70493037,0.70927656,-0.58948475,-0.3139393,0,-11.542037963867188
852,0.92436814,0.38150173,0.77853465,0.6276016,-0.9062945,-0.8294077,0,-8.723862648010254
853,0.97969246,0.20050602,0.9045886,0.42628577,-0.9459713,-1.5704929,0,-2.9544129371643066
854,0.9996731,0.025566166,0.99845076,0.055642363,-0.80870795,-2.2170942,2,2.775723457336426
855,0.9885905,-0.15062825,0.9424104,-0.33445862,-0.95588213,-1.6789815,2,3.2524116039276123
856,0.9401369,-0.34079707,0.82390654,-0.5667257,-0.97036177,-0.9422943,2,3.5975022315979004
857,0.8676799,-0.49712327,0.7445122,-0.66760886,-0.71035916,-0.3843381,2,4.945148944854736
858,0.81565195,-0.5785429,0.7157598,-0.69834656,-0.23199297,-0.0664024,2,7.689544677734375
859,0.8205658,-0.57155204,0.7222713,-0.6916098,0.31462893,0.16347714,2,10.51209545135498
860,0.8787321,-0.47731537,0.76513404,-0.64387107,0.7643194,0.5121079,2,10.178277969360352
861,0.9496375,-0.31335074,0.8566465,-0.51590383,0.9795924,1.0996165,2,6.174660682678223
862,0.9923749,-0.12325627,0.9686992,-0.24823733,0.9405807,1.8004363,2,0.540152907371521
863,0.9986588,0.051775217,0.987551,0.15729924,0.8166186,2.2044172,0,-4.067549228668213
864,0.9733254,0.229429,0.8639085,0.5036487,0.9616814,1.454089,0,-4.203018665313721
865,0.9127376,0.40854624,0.7379285,0.6748789,0.88383347,0.70827544,0,-4.893172264099121
866,0.8443172,0.53584373,0.67495185,0.73786175,0.52349216,0.22686742,0,-6.826679706573486
867,0.81445765,0.580223,0.6631996,0.74844253,-0.0017444829,-0.051081605,0,-9.914362907409668
868,0.8445728,0.5354408,0.68995905,0.7238484,-0.52281004,-0.3315505,0,-11.493120193481445
869,0.9125326,0.40900394,0.7653529,0.6436109,-0.8743244,-0.8124973,0,-9.041557312011719
870,0.97270584,0.23204175,0.89273155,0.4505889,-0.95331734,-1.5288792,0,-3.453542709350586
871,0.99855876,0.053669345,0.9959224,0.09021413,-0.8395892,-2.1892262,2,2.3033323287963867
872,0.9915165,-0.1299809,0.9540861,-0.29953238,-0.997926,-1.6832334,2,2.7918009757995605
873,0.94378906,-0.33054838,0.8431184,-0.5377279,-1.0283804,-0.9547239,2,3.03619647026062
874,0.86667264,-0.49887732,0.7658736,-0.6429911,-0.7794615,-0.39431265,2,4.269438743591309
875,0.80645597,-0.59129417,0.73630553,-0.6766492,-0.29704633,-0.086854614,2,7.0035624504089355
876,0.8049278,-0.5933727,0.73789173,-0.67491907,0.2713517,0.110046715,2,10.249502182006836
877,0.86306465,-0.50509346,0.76980275,-0.6382819,0.7594237,0.40832108,2,10.612321853637695
878,0.9404017,-0.34006575,0.84705484,-0.5315055,1.0200604,0.9518473,2,7.153185844421387
879,0.99012595,-0.14018044,0.95556635,-0.29477614,1.0056969,1.6602522,2,1.60927152633667
880,0.99892986,0.046250746,0.9960066,0.08927967,0.8607255,2.1525323,0,-3.320859670639038
881,0.9732861,0.2295958,0.89661443,0.44281214,0.9780707,1.4930127,0,-3.6915411949157715
882,0.9115994,0.4110798,0.7750578,0.63189036,0.8964069,0.7848586,0,-4.495931148529053
883,0.84124947,0.5406471,0.7040844,0.7101163,0.5399292,0.31425837,0,-6.567331790924072
884,0.8092602,0.5874504,0.6793857,0.73378134,0.012258309,0.046558186,0,-9.92916202545166
885,0.8388663,0.5443376,0.6903634,0.72346276,-0.52186114,-0.2151954,0,-11.998329162597656
886,0.90892565,0.41695827,0.74916697,0.66238123,-0.8939905,-0.6772099,0,-9.996780395507812
887,0.971955,0.23516703,0.8682633,0.49610367,-0.9851325,-1.4036698,0,-4.4811110496521
888,0.99863666,0.052199896,0.98718303,0.15959205,-0.84787303,-2.1443589,2,1.7469607591629028
889,0.99169546,-0.12860836,0.9719398,-0.23522975,-0.96398336,-1.7554688,2,2.7218408584594727
890,0.94690424,-0.3215157,0.86671233,-0.49880832,-0.98696256,-1.0828569,2,3.1903915405273438
891,0.87455875,-0.48491952,0.77827716,-0.6279209,-0.7584838,-0.51967615,2,4.537450313568115
892,0.8167972,-0.57692486,0.7341456,-0.6789921,-0.30070236,-0.18731344,2,7.317097187042236
893,0.8137811,-0.5811715,0.72370285,-0.6901117,0.25022244,0.033393007,2,10.620803833007812
894,0.86801237,-0.4965426,0.7474093,-0.6643639,0.7299478,0.34822574,2,11.127508163452148
895,0.9416441,-0.3366102,0.8224082,-0.56889784,0.987614,0.909653,2,7.670347213745117
896,0.9896371,-0.1435911,0.93972707,-0.34192544,0.96521074,1.658217,2,1.8377106189727783
897,0.99945337,0.0330592,0.9989498,0.04581816,0.80418,2.2171502,0,-3.4897091388702393
898,0.9785969,0.20578633,0.90796334,0.41904962,0.92864156,1.5907137,0,-3.9247632026672363
899,0.9238625,0.38272452,0.78033346,0.62536365,0.88355714,0.86000615,0,-4.6033759117126465
900,0.85671663,0.5157874,0.7024683,0.71171504,0.5679566,0.3449796,0,-6.415231227874756
901,0.8211063,0.57077533,0.6761407,0.7367725,0.07011495,0.039970253,0,-9.448280334472656
902,0.84276986,0.53827405,0.68952423,0.7242626,-0.45013338,-0.2368615,0,-11.498961448669434
903,0.90599555,0.42328718,0.75075865,0.6605766,-0.82710475,-0.68701077,0,-9.72675895690918
904,0.9675074,0.2528427,0.8689334,0.49492902,-0.9420351,-1.3816491,0,-4.497651100158691
905,0.9971242,0.0757852,0.98616666,0.16575694,-0.83644056,-2.0935276,2,1.5040034055709839
906,0.99444366,-0.10527043,0.97582346,-0.21856017,-0.97509634,-1.701227,2,2.3328182697296143
907,0.9530137,-0.30292723,0.8800373,-0.47490457,-1.0148867,-1.0342159,2,2.6232621669769287
908,0.88050276,-0.47404107,0.80097777,-0.5986941,-0.80179346,-0.4712543,2,3.7233734130859375
909,0.8182958,-0.57479733,0.76501256,-0.6440154,-0.35406935,-0.14050335,2,6.218307971954346
910,0.80893505,-0.587898,0.76043797,-0.64941055,0.19663134,0.06531757,2,9.463825225830078
911,0.8590049,-0.5119673,0.7845709,-0.62003917,0.6906325,0.34211987,2,10.337289810180664
912,0.93375385,-0.3579158,0.8501134,-0.5265997,0.9814503,0.83921474,2,7.508767127990723
913,0.9866727,-0.16271734,0.9491829,-0.31472492,1.0052376,1.5123593,2,2.373476266860962
914,0.99968344,0.025160348,0.9991757,0.040594,0.87222725,2.0342894,0,-2.5581657886505127
915,0.97761387,0.21040694,0.9236041,0.3833478,0.98161095,1.4450307,0,-2.9670965671539307
916,0.9190377,0.39416963,0.81757617,0.57582045,0.907918,0.7753498,0,-3.639211654663086
917,0.84885085,0.52863246,0.75294775,0.65808034,0.5716843,0.3103045,0,-5.463675022125244
918,0.8127486,0.5826145,0.7306654,0.68273574,0.061678324,0.04185665,0,-8.575416564941406
919,0.83630604,0.5482629,0.74068475,0.67185277,-0.46760377,-0.20343752,0,-10.80344009399414
920,0.9028664,0.4299212,0.79089844,0.6119474,-0.8560868,-0.61696124,0,-9.402501106262207
921,0.96753377,0.25274172,0.8900846,0.4557953,-0.9881202,-1.2645868,0,-4.7217206954956055
922,0.9978889,0.06494406,0.9887714,0.14943601,-0.89491576,-1.935897,2,0.8521844744682312
923,0.99199736,-0.12625863,0.9789087,-0.20429824,-1.0129927,-1.5589132,2,1.704515814781189
924,0.94537807,-0.32597592,0.8969501,-0.44213176,-1.0075151,-0.957329,2,2.1840364933013916
925,0.87145454,-0.49047625,0.8273268,-0.56172097,-0.756854,-0.4600078,2,3.5191545486450195
926,0.8138587,-0.58106285,0.79206336,-0.6104389,-0.29144117,-0.16986258,2,6.276607036590576
927,0.81191295,-0.5837785,0.7830298,-0.6219842,0.2590173,0.022851901,2,9.57912826538086
928,0.86725736,-0.49786013,0.80131537,-0.59824216,0.73890406,0.30640888,2,10.290793418884277
929,0.9419871,-0.3356491,0.8613722,-0.5079744,1.0061848,0.81754607,2,7.370550155639648
930,0.99058455,-0.13690253,0.9547854,-0.29729584,1.0046318,1.4973742,2,2.228973388671875
931,0.99880224,0.048929643,0.9984521,0.05561822,0.8500081,2.0163286,0,-2.7301576137542725
932,0.9738705,0.22710405,0.91898537,0.39429158,0.9368991,1.4338609,0,-3.25671124458313
933,0.91659826,0.3998095,0.8110453,0.58498335,0.8446404,0.7800765,0,-4.081686019897461
934,0.8526485,0.52248496,0.7442994,0.6678461,0.50397635,0.32054302,0,-6.030035018920898
935,0.8241268,0.5664054,0.7211233,0.6928068,0.0062876376,0.03618715,0,-9.055782318115234
936,0.85150415,0.52434784,0.73436385,0.678756,-0.49519074,-0.24559945,0,-10.796808242797852
937,0.9153678,0.40261868,0.7931036,0.6090868,-0.8443067,-0.70403767,0,-8.855264663696289
938,0.973254,0.22973159,0.9008852,0.43405744,-0.93908745,-1.3779228,0,-3.8580267429351807
939,0.9986134,0.05264294,0.9945095,0.10464617,-0.8361899,-2.0207682,2,1.6455974578857422
940,0.9916975,-0.12859273,0.966253,-0.2575951,-0.97354186,-1.5689075,2,2.2326908111572266
941,0.9466284,-0.32232708,0.8734559,-0.48690328,-0.9829432,-0.91052806,2,2.537609100341797
942,0.8754161,-0.4833701,0.8053381,-0.5928158,-0.73795307,-0.3853413,2,3.71242094039917
943,0.82040596,-0.57178146,0.7788215,-0.6272456,-0.27885973,-0.07811463,2,6.231551170349121
944,0.8192807,-0.5733926,0.7822268,-0.62299377,0.25905937,0.13247055,2,9.130128860473633
945,0.87267536,-0.48830083,0.8144902,-0.5801773,0.7210258,0.4317379,2,9.424493789672852
946,0.9439274,-0.3301531,0.8844887,-0.4665616,0.97464275,0.9368537,2,6.348182678222656
947,0.99058384,-0.13690741,0.97243136,-0.23318937,0.98312765,1.5584455,2,1.5103813409805298
948,0.99883413,0.04827455,0.99236643,0.123324126,0.8669499,1.9668368,0,-2.8797388076782227
949,0.9726093,0.23244603,0.8985231,0.4389263,0.9750768,1.3061383,0,-3.0891518592834473
950,0.9116649,0.4109344,0.7981793,0.6024199,0.86951494,0.64200336,0,-3.762958526611328
951,0.8448334,0.53502953,0.7469533,0.6648765,0.50529486,0.20443028,0,-5.617701053619385
952,0.81661546,0.57718205,0.7379678,0.674836,-0.00992849,-0.054983523,0,-8.565933227539062
953,0.84676915,0.53196055,0.7615336,0.6481254,-0.5192097,-0.31849086,0,-10.149551391601562
954,0.91376454,0.4062442,0.8247131,0.56555134,-0.87000716,-0.75817275,0,-8.15078353881836
955,0.97362405,0.22815838,0.9257339,0.37817553,-0.9711134,-1.3917754,0,-3.4207749366760254
956,0.99908394,0.042793367,0.99884266,0.04809767,-0.88779664,-1.9585768,2,1.5763378143310547
957,0.98872703,-0.14972909,0.9559872,-0.29340836,-1.0309149,-1.4459249,2,1.928525447845459
958,0.9364574,-0.3507814,0.8674427,-0.49753705,-1.0098547,-0.7926141,2,2.249802589416504
959,0.85989374,-0.510473,0.8096388,-0.5869284,-0.7212932,-0.31106532,2,3.5816240310668945
960,0.8063424,-0.591449,0.7896388,-0.613572,-0.22730751,-0.049092963,2,6.369363307952881
961,0.81250405,-0.58295554,0.7946272,-0.6070977,0.32924056,0.13436928,2,9.366069793701172
962,0.8739933,-0.48593795,0.82578397,-0.56398654,0.7922454,0.42895895,2,9.482818603515625
963,0.9489829,-0.3153276,0.89367616,-0.44871253,1.0308871,0.94387245,2,6.246553421020508
964,0.9936575,-0.112448536,0.9773794,-0.21149352,1.0165033,1.570758,2,1.3557013273239136
965,0.9970023,0.07737215,0.9891444,0.1469467,0.87879306,1.9689353,0,-3.0578627586364746
966,0.9654584,0.26055726,0.88783914,0.460154,0.96037644,1.3066812,0,-3.436436176300049
967,0.90200156,0.4317328,0.7825892,0.6225385,0.8238085,0.6601979,0,-4.388670921325684
968,0.83875036,0.54451615,0.72592944,0.6877692,0.43644562,0.24088404,0,-6.594320297241211
969,0.8186641,0.5742727,0.7112462,0.70294297,-0.08647504,-0.018507335,0,-9.741729736328125
970,0.8562316,0.51659214,0.7324928,0.68077475,-0.5840668,-0.3109818,0,-10.994325637817383
971,0.9247653,0.38053802,0.8016214,0.597832,-0.9006214,-0.80997705,0,-8.365074157714844
972,0.97984034,0.19978206,0.9172241,0.39837158,-0.9502683,-1.5169723,0,-2.945953130722046
973,0.99974704,0.02249134,0.9992085,0.039778356,-0.82647455,-2.1257224,2,2.482442855834961
974,0.9875974,-0.15700737,0.94350535,-0.3313573,-0.9682051,-1.5859135,2,2.9053378105163574
975,0.9377106,-0.34741738,0.8346467,-0.5507857,-0.9636485,-0.8781056,2,3.2647383213043213
976,0.8655991,-0.5007377,0.76358986,-0.6457016,-0.6899391,-0.34858754,2,4.624327659606934
977,0.8158686,-0.57823735,0.73938,-0.67328835,-0.2086388,-0.046010174,2,7.3508501052856445
978,0.8231835,-0.5677755,0.7480151,-0.6636817,0.33240503,0.17976114,2,10.049434661865234
979,0.8821497,-0.47096908,0.79092103,-0.6119182,0.7725607,0.5256348,2,9.63907241821289
980,0.952152,-0.30562478,0.8777786,-0.47906655,0.9819434,1.0965259,2,5.779828071594238
981,0.9934411,-0.11434505,0.97743875,-0.2112191,0.9485037,1.755661,1,0.47701728343963623
982,0.9970918,0.07620913,0.9890127,0.14783052,0.9540774,1.7903845,0,-2.189021110534668
983,0.9621649,0.2724679,0.9022886,0.43113258,1.0155319,1.1605281,0,-2.52614688873291
984,0.89316875,0.44972172,0.8161197,0.57788295,0.84555995,0.5729246,0,-3.4993348121643066
985,0.82683474,0.5624449,0.77080137,0.63707554,0.43108568,0.20772445,0,-5.799257278442383
986,0.80790645,0.58931077,0.75860965,0.6515454,-0.1103118,-0.008964721,0,-9.124585151672363
987,0.8497937,0.5271154,0.77477115,0.6322417,-0.621266,-0.26578364,0,-10.586060523986816
988,0.92335016,0.3839589,0.83152175,0.5554922,-0.94972765,-0.7293748,0,-8.303802490234375
989,0.9812617,0.19268002,0.9294967,0.36883047,-1.0098028,-1.3996478,0,-3.313533306121826
990,0.9999945,0.003306134,0.9994336,0.033653677,-0.8820739,-1.9910804,2,1.895372748374939
991,0.9829677,-0.18377843,0.9493136,-0.3143306,-0.9880473,-1.4875722,2,2.4726688861846924
992,0.9282303,-0.37200615,0.8514477,-0.5244395,-0.9364931,-0.8446371,2,3.081230640411377
993,0.8567993,-0.51565003,0.78395516,-0.6208175,-0.62995726,-0.3692983,2,4.741340637207031
994,0.81370056,-0.5812842,0.755855,-0.654739,-0.1360507,-0.09400134,2,7.758767127990723
995,0.8291107,-0.55908453,0.75779027,-0.65249825,0.3996888,0.13238795,2,10.412338256835938
996,0.8923519,-0.45134023,0.7953923,-0.606095,0.81896865,0.50055474,2,9.745410919189453
997,0.9604098,-0.2785911,0.8803869,-0.4742562,0.99579084,1.1028724,2,5.651254653930664
998,0.9962145,-0.08692891,0.97935677,-0.2021393,0.92853814,1.784492,1,0.17553460597991943
999,0.9952711,0.097136155,0.9865792,0.16328341,0.9104135,1.822724,0,-2.6093597412109375
1000,0.95919603,0.282742,0.8926475,0.4507554,0.95735127,1.1903816,0,-3.068035364151001
